inh_id,brand,brand_sold_by_inh,maps_to_inh_product,current_display_title,proposed_title,proposed_handle,handle_chars,flags,approve (y/n/edit)
sauna/dynamic-saunas/dyn-6103-01,Dynamic Saunas,yes,dynamic-avila-2-sauna-infrared,"Dynamic Saunas Avila Far IR Sauna, 1–2 Person, DYN-6103-01","Dynamic Saunas Avila Far IR Sauna, 1–2 Person, DYN-6103-01",dynamic-avila-1-2-person,24,,y
sauna/dynamic-saunas/dyn-6103-01-elite,Dynamic Saunas,yes,dynamic-saunas-avila-elite,"Dynamic Saunas Avila Far IR Sauna, 1–2 Person, DYN-6103-01 Elite","Dynamic Saunas Avila Far IR Sauna, 1–2 Person, DYN-6103-01 Elite",dynamic-avila-elite-1-2-person,30,,y
sauna/dynamic-saunas/dyn-6106-01,Dynamic Saunas,yes,1-2-person-infrared-sauna-model-number-low-emf-hemlock-bluetooth,"Dynamic Saunas Barcelona Far IR Sauna, 1–2 Person","Dynamic Saunas Barcelona Far IR Sauna, 1–2 Person",dynamic-barcelona-1-2-person,28,,y
sauna/dynamic-saunas/dyn-6106-01-elite,Dynamic Saunas,yes,dynamic-ultra-low-emf-sauna,"Dynamic Saunas Barcelona Elite Far IR Sauna, 1–2 Person","Dynamic Saunas Barcelona Elite Far IR Sauna, 1–2 Person",dynamic-barcelona-elite-1-2-person,34,,y
sauna/dynamic-saunas/dyn-6440-01,Dynamic Saunas,yes,dynamic-saunas-bergamo,"Dynamic Saunas Bergamo Far IR Sauna, 4 Person","Dynamic Saunas Bergamo Far IR Sauna, 4 Person",dynamic-bergamo-4-person,24,,y
sauna/dynamic-saunas/dyn-6203-01-elite,Dynamic Saunas,yes,dynamic-cardoba-2-infrared-sauna,"Dynamic Saunas Cordoba Far IR Sauna, 2 Person","Dynamic Saunas Cordoba Far IR Sauna, 2 Person",dynamic-cordoba-2-person,24,,y
sauna/dynamic-saunas/dyn-6119-01,Dynamic Saunas,yes,1-2-person-infrared-sauna-hemlock-chromotherapy,"Dynamic Saunas Gracia Far IR Sauna, 1–2 Person, DYN-6119-01","Dynamic Saunas Gracia Far IR Sauna, 1–2 Person, DYN-6119-01",dynamic-gracia-1-2-person,25,,y
sauna/dynamic-saunas/dyn-6119-01-elite,Dynamic Saunas,yes,gracia-ultra-lowemf-sauna,"Dynamic Saunas Gracia Far IR Sauna, 1–2 Person, DYN-6119-01 Elite","Dynamic Saunas Gracia Far IR Sauna, 1–2 Person, DYN-6119-01 Elite",dynamic-gracia-elite-1-2-person,31,,y
sauna/dynamic-saunas/dyn-6119-03-fs,Dynamic Saunas,yes,dynamic-saunas-dyn-6119-03-fs-gracia,"Dynamic Saunas Gracia Full Spectrum Far IR Sauna, 1–2 Person","Dynamic Saunas Gracia Full Spectrum Far IR Sauna, 1–2 Person",dynamic-gracia-full-spectrum-1-2-person,39,,y
sauna/dynamic-saunas/dyn-6225-02,Dynamic Saunas,yes,dynamic-low-infrared-sauna-heming,"Dynamic Saunas Heming Far IR Sauna, 2 Person, DYN-6225-02","Dynamic Saunas Heming Far IR Sauna, 2 Person, DYN-6225-02",dynamic-heming-2-person,23,,y
sauna/dynamic-saunas/dyn-6225-02-elite,Dynamic Saunas,yes,dynamic-saunas-heming,"Dynamic Saunas Heming Far IR Sauna, 2 Person, DYN-6225-02 Elite","Dynamic Saunas Heming Far IR Sauna, 2 Person, DYN-6225-02 Elite",dynamic-heming-elite-2-person,29,,y
sauna/dynamic-saunas/dyn-6215-03-fs,Dynamic Saunas,yes,,"Dynamic Saunas Llumeneres Full Spectrum Nero Zero EMF Far IR Sauna, 2 Person","Dynamic Saunas Llumeneres Full Spectrum Far IR Sauna, 2 Person",dynamic-llumeneres-full-spectrum-2-person,41,,y
sauna/dynamic-saunas/dyn-6215-05,Dynamic Saunas,yes,dynamic-saunas-dyn-6215-05-lucca,"Dynamic Saunas Lucca Far IR Sauna, 2 Person, DYN-6215-05","Dynamic Saunas Lucca Far IR Sauna, 2 Person, DYN-6215-05",dynamic-lucca-2-person,22,,y
sauna/dynamic-saunas/dyn-6215-05-elite,Dynamic Saunas,yes,dynamic-saunas-dyn-6215-05-elite-lucca,"Dynamic Saunas Lucca Far IR Sauna, 2 Person, DYN-6215-05 Elite","Dynamic Saunas Lucca Far IR Sauna, 2 Person, DYN-6215-05 Elite",dynamic-lucca-elite-2-person,28,,y
sauna/dynamic-saunas/dyn-6336-02,Dynamic Saunas,yes,dynamic-saunas-lugano-infrared-sauna,"Dynamic Saunas Lugano Far IR Sauna, 3 Person, DYN-6336-02","Dynamic Saunas Lugano Far IR Sauna, 3 Person, DYN-6336-02",dynamic-lugano-3-person,23,,y
sauna/dynamic-saunas/dyn-6336-02-elite,Dynamic Saunas,yes,dynamic-lugano-infrared-sauna,"Dynamic Saunas Lugano Far IR Sauna, 3 Person, DYN-6336-02 Elite","Dynamic Saunas Lugano Far IR Sauna, 3 Person, DYN-6336-02 Elite",dynamic-lugano-elite-3-person,29,,y
sauna/dynamic-saunas/dyn-6209-01,Dynamic Saunas,yes,santiago-low-emf-sauna,"Dynamic Saunas Santiago Far IR Sauna, 2 Person","Dynamic Saunas Santiago Far IR Sauna, 2 Person",dynamic-santiago-2-person,25,,y
sauna/dynamic-saunas/dyn-6229-01,Dynamic Saunas,yes,dynamic-saunas-dyn-6229-01-serena,"Dynamic Saunas Serena Far IR Sauna, 2 Person","Dynamic Saunas Serena Far IR Sauna, 2 Person",dynamic-serena-2-person,23,,y
sauna/dynamic-saunas/dyn-6229-03-fs,Dynamic Saunas,yes,dynamic-saunas-dyn-6229-03-fs-serena,"Dynamic Saunas Serena Full Spectrum Infrared Sauna, 2 Person","Dynamic Saunas Serena Full Spectrum Infrared Sauna, 2 Person",dynamic-serena-full-spectrum-2-person,37,,y
sauna/dynamic-saunas/dyn-6315-05,Dynamic Saunas,yes,dynamic-saunas-dyn-6315-05-toscana,"Dynamic Saunas Toscana Far IR Sauna, 3 Person","Dynamic Saunas Toscana Far IR Sauna, 3 Person",dynamic-toscana-3-person,24,,y
sauna/dynamic-saunas/dyn-6115-05,Dynamic Saunas,yes,dynamic-saunas-dyn-6115-05-veneto,"Dynamic Saunas Veneto Far IR Sauna, 1–2 Person","Dynamic Saunas Veneto Far IR Sauna, 1–2 Person",dynamic-veneto-1-2-person,25,,y
sauna/dynamic-saunas/dyn-6210-01,Dynamic Saunas,yes,dynamic-infrared-sauna-venice-edition,"Dynamic Saunas Venice Far IR Sauna, 2 Person","Dynamic Saunas Venice Far IR Sauna, 2 Person",dynamic-venice-2-person,23,,y
sauna/dynamic-saunas/dyn-6210-01-elite,Dynamic Saunas,yes,dynamic-venice-elite,"Dynamic Saunas Venice, 2 Person","Dynamic Saunas Venice, 2 Person",dynamic-venice-elite-2-person,29,,y
sauna/dynamic-saunas/dyn-6220-01,Dynamic Saunas,yes,dynamic-saunas-vittoria-dyn-6220-01,"Dynamic Saunas Vittoria Far IR Sauna, 2 Person, DYN-6220-01","Dynamic Saunas Vittoria Far IR Sauna, 2 Person, DYN-6220-01",dynamic-vittoria-2-person,25,,y
sauna/dynamic-saunas/dyn-6220-01-elite,Dynamic Saunas,yes,dynamic-saunas-dyn-6220-01-elite-vittoria,"Dynamic Saunas Vittoria Far IR Sauna, 2 Person, DYN-6220-01 Elite","Dynamic Saunas Vittoria Far IR Sauna, 2 Person, DYN-6220-01 Elite",dynamic-vittoria-elite-2-person,31,,y
sauna/golden-designs/gdi-6880-02-elite,Golden Designs,yes,golden-designs-gdi-6880-02-elite-catalonia,"Golden Designs Catalonia Far IR Sauna, 8 Person","Golden Designs Catalonia Far IR Sauna, 8 Person",golden-designs-catalonia-8-person,33,,y
sauna/golden-designs/gdi-7389-02,Golden Designs,yes,golden-designs-copenhagen,"Golden Designs Updated Copenhagen Traditional Sauna, 3 Person","Golden Designs Copenhagen Traditional Sauna, 3 Person",golden-designs-copenhagen-3-person,34,,y
sauna/golden-designs/gdi-8010-03,Golden Designs,yes,golden-designs-infrared-himalayan,"Golden Designs Reserve Edition Full Spectrum with Himalayan Salt Bar, 1 Person","Golden Designs Reserve Edition Full Spectrum with Himalayan Salt Bar, 1 Person",golden-designs-reserve-edition-1-person,39,marketing word left in model name: 'Edition'; handle is 77 characters (max 60); D-H applied: golden-designs-reserve-edition-full-spectrum-with-himalayan-salt-bar-1-person (77 chars) replaced by the Part A recommendation,y
sauna/golden-designs/gdi-8330-01,Golden Designs,yes,golden-designs-soria-hybrid-sauna,"Golden Designs Soria Hybrid Sauna Full Spectrum and Harvia Traditional Stove, 3 Person","Golden Designs Soria Hybrid Sauna Full Spectrum and Harvia Traditional Stove, 3 Person",golden-designs-soria-full-spectrum-3-person,43,,y
sauna/golden-designs/gdi-7289-02,Golden Designs,yes,golden-designs-sundsvall,"Golden Designs Updated Sundsvall Traditional Sauna, 2 Person","Golden Designs Sundsvall Traditional Sauna, 2 Person",golden-designs-sundsvall-2-person,33,,y
sauna/golden-designs/gdi-8360-01,Golden Designs,yes,golden-designs-toledo,"Golden Designs Toledo Hybrid Sauna Full Spectrum and Harvia Traditional Stove, 6 Person","Golden Designs Toledo Hybrid Sauna Full Spectrum and Harvia Traditional Stove, 6 Person",golden-designs-toledo-full-spectrum-6-person,44,,y
sauna/maxxus/mx-j206-02s,Maxxus,yes,maxxus-aspen-sauna,"Maxxus Aspen Dual Tech Far IR Sauna, 2 Person","Maxxus Aspen Dual Tech Far IR Sauna, 2 Person",maxxus-aspen-2-person,21,,y
sauna/maxxus/mx-j306-01,Maxxus,yes,maxxus-bellevue-3-person-infrared-sauna,"Maxxus Bellevue Far IR Sauna, 3 Person, MX-J306-01","Maxxus Bellevue Far IR Sauna, 3 Person, MX-J306-01",maxxus-bellevue-3-person,24,,y
sauna/maxxus/mx-j306-01-zf,Maxxus,yes,maxxus-bellevue-3-person-near-zero-emf-far-infrared-sauna-canadian-hemlock,"Maxxus Bellevue Far IR Sauna, 3 Person, MX-J306-01 ZF","Maxxus Bellevue Far IR Sauna, 3 Person, MX-J306-01 ZF",maxxus-bellevue-zf-3-person,27,,y
sauna/maxxus/mx-k306-01-zf-ced,Maxxus,yes,maxxus-3-person-infrared-sauna-near-zero,"Maxxus Montilemar Far IR Sauna, 3 Person","Maxxus Montilemar Far IR Sauna, 3 Person",maxxus-montilemar-3-person,26,,y
sauna/maxxus/mx-k206-01-zf-hem,Maxxus,yes,,"Maxxus Far IR Sauna, 2 Person","Maxxus Far IR Sauna, 2 Person",maxxus-mx-k206-01-zf-hem-2-person,33,manufacturer title names no model; handle falls back to the model number,y
sauna/maxxus/mx-m206-01-fs-ced,Maxxus,yes,maxxus-2-person-sauna-full-spectrum,"Maxxus Full Spectrum IR Sauna, 2 Person","Maxxus Full Spectrum IR Sauna, 2 Person",maxxus-mx-m206-01-fs-ced-2-person,33,manufacturer title names no model; handle falls back to the model number,y
sauna/maxxus/mx-s106-01,Maxxus,yes,maxxus-mx-s106-01,"Maxxus S-Line Far IR Sauna, 1 Person","Maxxus S-Line Far IR Sauna, 1 Person",maxxus-s-line-1-person,22,,y
sauna/maxxus/mx-s206-01,Maxxus,yes,maxxus-s-line-mx-s206-01,"Maxxus S-Line Far IR Sauna, 2 Person","Maxxus S-Line Far IR Sauna, 2 Person",maxxus-s-line-2-person,22,,y
sauna/maxxus/mx-s306-01,Maxxus,yes,,"Maxxus S-Line Far IR Sauna, 3 Person","Maxxus S-Line Far IR Sauna, 3 Person",maxxus-s-line-3-person,22,,y
sauna/maxxus/mx-j206-01,Maxxus,yes,maxxus-seattle-2-person-sauna,"Maxxus Seattle Far IR Sauna, 2 Person, MX-J206-01","Maxxus Seattle Far IR Sauna, 2 Person, MX-J206-01",maxxus-seattle-2-person,23,,y
sauna/maxxus/mx-j206-01-zf,Maxxus,yes,maxxus-seattle-sauna,"Maxxus Seattle Far IR Sauna, 2 Person, MX-J206-01 ZF","Maxxus Seattle Far IR Sauna, 2 Person, MX-J206-01 ZF",maxxus-seattle-zf-2-person,26,,y
sauna/maxxus/mx-k206-01-hemlock,Maxxus,yes,,"Maxxus Toulose Far IR Sauna, 2 Person","Maxxus Toulose Far IR Sauna, 2 Person",maxxus-toulose-2-person,23,,y
sauna/salus/san02m001,Salus,no,,"Salus Ally Traditional Indoor Sauna, 2 Person","Salus Ally Traditional Indoor Sauna, 2 Person",salus-ally-2-person,19,,y
sauna/salus/san02m006,Salus,no,,"Salus Charisma Traditional Indoor Sauna, 6 Person","Salus Charisma Traditional Indoor Sauna, 6 Person",salus-charisma-6-person,23,,y
sauna/salus/san04m002,Salus,no,,"Salus Element Full Spectrum Infrared Indoor Sauna, 2 Person","Salus Element Full Spectrum Infrared Indoor Sauna, 2 Person",salus-element-full-spectrum-2-person,36,,y
sauna/salus/san04m003,Salus,no,,"Salus Element King Full Spectrum Infrared Indoor Sauna, 3 Person","Salus Element King Full Spectrum Infrared Indoor Sauna, 3 Person",salus-element-king-full-spectrum-3-person,41,,y
sauna/salus/san02m005,Salus,no,,"Salus Fierce Traditional Indoor Sauna, 3 Person","Salus Fierce Traditional Indoor Sauna, 3 Person",salus-fierce-3-person,21,,y
sauna/salus/san07m005,Salus,no,,"Salus Flora Traditional Outdoor Luxury Sauna, 3 Person","Salus Flora Traditional Outdoor Sauna, 3 Person",salus-flora-3-person,20,,y
sauna/salus/san03m001,Salus,no,,"Salus Glamour Far Infrared Indoor Sauna, 1 Person","Salus Glamour Far Infrared Indoor Sauna, 1 Person",salus-glamour-1-person,22,,y
sauna/salus/san02m003,Salus,no,,"Salus Grand Ally Traditional Indoor Sauna, 6 Person","Salus Grand Ally Traditional Indoor Sauna, 6 Person",salus-grand-ally-6-person,25,,y
sauna/salus/san03m008,Salus,no,,"Salus Grand Laurel Far Infrared Indoor Sauna, 3 Person","Salus Grand Laurel Far Infrared Indoor Sauna, 3 Person",salus-grand-laurel-3-person,27,,y
sauna/salus/san05m002,Salus,no,,"Salus Harmony Hybrid Indoor Sauna, 6 Person","Salus Harmony Hybrid Indoor Sauna, 6 Person",salus-harmony-6-person,22,,y
sauna/salus/san02m004,Salus,no,,"Salus Heavenly Traditional Indoor Sauna, 2 Person","Salus Heavenly Traditional Indoor Sauna, 2 Person",salus-heavenly-2-person,23,,y
sauna/salus/san03m002,Salus,no,,"Salus Laurel Far Infrared Indoor Sauna, 1 Person","Salus Laurel Far Infrared Indoor Sauna, 1 Person",salus-laurel-1-person,21,,y
sauna/salus/san03m012,Salus,no,,"Salus Majestic Far Infrared Indoor Sauna, 8 Person","Salus Majestic Far Infrared Indoor Sauna, 8 Person",salus-majestic-8-person,23,,y
sauna/salus/san03m014,Salus,no,,"Salus Nirvana Far Infrared Indoor Sauna, 2 Person","Salus Nirvana Far Infrared Indoor Sauna, 2 Person",salus-nirvana-2-person,22,,y
sauna/salus/san03m016,Salus,no,,"Salus Novalis Far Infrared Indoor Sauna, 2 Person","Salus Novalis Far Infrared Indoor Sauna, 2 Person",salus-novalis-2-person,22,,y
sauna/salus/san03m006,Salus,no,,"Salus Paramount Far Infrared Indoor Sauna, 2 Person","Salus Paramount Far Infrared Indoor Sauna, 2 Person",salus-paramount-2-person,24,,y
sauna/salus/san03m015,Salus,no,,"Salus Prana Far Infrared Indoor Sauna, 2 Person","Salus Prana Far Infrared Indoor Sauna, 2 Person",salus-prana-2-person,20,,y
sauna/salus/san02m014,Salus,no,,"Salus Relieve Traditional Indoor Sauna, 3 Person","Salus Relieve Traditional Indoor Sauna, 3 Person",salus-relieve-3-person,22,,y
sauna/salus/san02m013,Salus,no,,"Salus Renew II Traditional Indoor/Outdoor Sauna, 2 Person","Salus Renew II Traditional Indoor/Outdoor Sauna, 2 Person",salus-renew-ii-2-person,23,,y
sauna/salus/san04m009,Salus,no,,"Salus Reprieve Full Spectrum Infrared Indoor Sauna, 2 Person","Salus Reprieve Full Spectrum Infrared Indoor Sauna, 2 Person",salus-reprieve-full-spectrum-2-person,37,,y
sauna/salus/san02m015,Salus,no,,"Salus Restore Traditional Indoor Sauna, 6 Person","Salus Restore Traditional Indoor Sauna, 6 Person",salus-restore-6-person,22,,y
sauna/salus/san02m016,Salus,no,,"Salus Revive II Traditional Indoor/Outdoor Sauna, 3 Person","Salus Revive II Traditional Indoor/Outdoor Sauna, 3 Person",salus-revive-ii-3-person,24,,y
sauna/salus/san05m001,Salus,no,,"Salus Serenity Hybrid Indoor Sauna, 3 Person","Salus Serenity Hybrid Indoor Sauna, 3 Person",salus-serenity-3-person,23,,y
sauna/salus/san04m010,Salus,no,,"Salus Uplift Full Spectrum Infrared Indoor Sauna, 3 Person","Salus Uplift Full Spectrum Infrared Indoor Sauna, 3 Person",salus-uplift-full-spectrum-3-person,35,,y
