inh_id,brand,inh_product,proposed_title,proposed_handle,stated_circuit_verbatim,circuit_source,decisions,flags,approve (y/n/edit)
sauna/dynamic-saunas/dyn-6306-02,Dynamic Saunas,dynamic-bellagio-3-person-indoor-infrared-sauna,"Dynamic Saunas Bellagio Far IR Sauna, 3 Person",dynamic-bellagio-3-person,…“Electrical service: Special Electrical 120 V/20 AMP Non GFCI Dedicated Receptacle and breaker”…,https://goldendesigninc.com/products/dyn-6306-01-dynamic-low-emf-far-infrared-sauna-bellagio-edition,D6 (manufacturer product entry),,y
sauna/dynamic-saunas/dyn-6203-01,Dynamic Saunas,cardoba-2person-sauna,"Dynamic Saunas Cordoba, 2 Person",dynamic-cordoba-dyn-6203-01-2-person,…“Electrical service: 120V/15amp Non GFCI plug & play (Recommended Dedicated Outlet)”…,https://goldendesigninc.com/products/new-2023-model-cardoba-2-person-low-emf-far-infrared-sauna,D6 (manufacturer product entry),'dynamic-cordoba-2-person' is frozen for another record: needs a human choice; approved handle edit: dynamic-cordoba-2-person -> dynamic-cordoba-dyn-6203-01-2-person,y
sauna/dynamic-saunas/dyn-6203-02-fs,Dynamic Saunas,dynamic-cordoba-2-person-full-spectrum-sauna,"Dynamic Saunas Cordoba Full Spectrum IR Sauna, 2 Person",dynamic-cordoba-full-spectrum-2-person,“Manual INFRARED MODEL SAUNA SAUNA IS FOR INDOOR USE ONLY 120VAC 15AMP Dedicated Circuit Required”…,https://goldendesignstorage.blob.core.windows.net/product/0fcfb4a4-ee20-41ec-b2a4-a6dfc15ced02.pdf,D6 (manufacturer product entry),,y
sauna/dynamic-saunas/dyn-6336-03-fs,Dynamic Saunas,dynamic-lugano-3-person-full-spectrum-sauna,"Dynamic Saunas Lugano Full Spectrum IR Sauna, 3 Person",dynamic-lugano-full-spectrum-3-person,“CARBON MODEL SAUNAS SAUNAS ARE FOR INDOOR USE ONLY 120VAC 20AMP Dedicated Circuit Required”…,https://goldendesignstorage.blob.core.windows.net/product/6a55f50a-574b-4bf4-9553-1d3ea804f9d6.pdf,D6 (manufacturer product entry),,y
sauna/dynamic-saunas/dyn-6310-04-elite,Dynamic Saunas,dynamic-madrid-elite-3-person-ultra-low-emf-sauna,"Dynamic Saunas Madrid Limited Elite Far IR Sauna, 3 Person",dynamic-madrid-limited-elite-3-person,…“DYN-6310-04 - 120VAC 20AMP Dedicated Circuit Required”…,https://goldendesignstorage.blob.core.windows.net/product/2939a39b-7800-4637-a7b2-46d226310466.pdf,D6 (manufacturer product entry),,y
sauna/dynamic-saunas/dyn-6006-03-fs,Dynamic Saunas,dynamic-martin-1-2-person-full-spectrum-sauna,"Dynamic Saunas Martin Full Spectrum Far IR Sauna, 1–2 Person",dynamic-martin-full-spectrum-1-2-person,…“Electrical service: 120V/15amp Non GFCI plug & play (Recommended Dedicated Outlet)”…,https://goldendesigninc.com/products/new-2026-model-dynamic-martin-1-2-person-full-spectrum-near-zero-emf-far-ir-sauna-dyn-6006-03-fs,D6 (manufacturer product entry),,y
sauna/dynamic-saunas/dyn-6996-01-elite,Dynamic Saunas,dynamic-saunas-monaco,"Dynamic Saunas Monaco Far IR Sauna, 6 Person",dynamic-monaco-6-person,"“Electrical service: Special Electrical 2 separate dedicated 20 amp 120 volt outlets, two separate 20 amp breakers required”… / …“service: Special Electrical 2 separate dedicated 20 amp 120 volt outlets, two separate 20 amp breakers required Non GFCI”…",https://goldendesigninc.com/products/dyn-6996-01-near-zero-emf-far-infrared-sauna,D12 (N separate circuits),"published under the approval rule: D12-eligible, title and handle from existing rules with no manual choice",y
sauna/dynamic-saunas/dyn-6206-01,Dynamic Saunas,dynamic-san-marino-low-emf,"Dynamic Saunas San Marino, 2 Person",dynamic-san-marino-2-person,“UNA – with WiFi Capability (Optional) FOR INDOOR USE ONLY 120VAC 15AMP Dedicated Circuit Required”…,https://goldendesignstorage.blob.core.windows.net/product/ca0f7dbb-d92a-490a-9103-30f40b890fcd.pdf,D6 (manufacturer product entry),,y
sauna/dynamic-saunas/dyn-6209-03-fs,Dynamic Saunas,dynamic-santiago,"Dynamic Saunas Santiago Full Spectrum IR Sauna, 2 Person",dynamic-santiago-full-spectrum-2-person,…“Electrical service: 120V/15amp Non GFCI plug & play (Recommended Dedicated Outlet)”…,https://goldendesigninc.com/products/new-2023-model-dynamic-2-person-full-spectrum-infrared-sauna-canadian-hemlock,D6 (manufacturer product entry),,y
sauna/dynamic-saunas/dyn-6009-03-fs,Dynamic Saunas,dynamic-santorini-full-spectrum-infrared-sauna,"Dynamic Saunas Santorini Full Spectrum Far IR Sauna, 1–2 Person",dynamic-santorini-full-spectrum-1-2-person,…“Electrical service: 120V/15amp Non GFCI plug & play (Recommended Dedicated Outlet)”…,https://goldendesigninc.com/products/new-2026-model-dynamic-santorini-1-2-person-full-spectrum-near-zero-emf-far-ir-sauna-dyn-6009-03-fs,D6 (manufacturer product entry),,y
sauna/dynamic-saunas/dyn-6315-05-elite,Dynamic Saunas,golden-designs-6315,"Dynamic Saunas Toscana Far IR Sauna, 3 Person, DYN-6315-05 Elite",dynamic-toscana-elite-3-person,…“120VAC 20AMP Dedicated Circuit Required (DYN-6315-05)”…,https://goldendesignstorage.blob.core.windows.net/product/decfec20-c43b-4bbb-967a-da840e5edfdc.pdf,D6 (manufacturer product entry); D14 (link: manufacturer SKU DYN-6315-05 Elite = INH SKU DYN-6315-05 Elite),'dynamic-toscana-3-person' is frozen for another record: needs a human choice; approved handle edit: dynamic-toscana-3-person -> dynamic-toscana-elite-3-person,y
sauna/dynamic-saunas/dyn-6210-04-elite,Dynamic Saunas,dynamic-venice-elite-2-person-ultra-low-emf-sauna,"Dynamic Saunas Venice Limited Elite Far IR Sauna, 2 Person",dynamic-venice-limited-elite-2-person,…“DYN-6210-04 - 120VAC 15AMP Dedicated Circuit Required”…,https://goldendesignstorage.blob.core.windows.net/product/2ce20d94-aa42-4f40-abb1-f230d7dd0cfb.pdf,D6 (manufacturer product entry),,y
sauna/dynamic-saunas/dyn-6415-03-fs,Dynamic Saunas,dynamic-vila-grande-4-person-full-spectrum-sauna,"Dynamic Saunas Vila Grande Full Spectrum Far IR Sauna, 4 Person",dynamic-vila-grande-full-spectrum-4-person,…“Electrical service: 120V/20amp plug & play”…,https://goldendesigninc.com/products/new-2026-model-dynamic-vila-grande-4-person-full-spectrum-nero-zero-emf-far-ir-sauna-dyn-6415-03-fs,D6 (manufacturer product entry),,y
sauna/finnmark-designs/1-person-infrared-sauna,Finnmark Designs,(unlinked: needs D14),"Finnmark Designs FD-1 Full-Spectrum Infrared Sauna, 1 Person",finnmark-designs-fd-1-full-spectrum-1-person,…“Circuit Requirements: Dedicated 15A Circuit •”…,https://finnmarkdesigns.com/wp-content/uploads/Finnmark-FD-1-Full-Spectrum-Infrared-Sauna-IOM-08-2026.pdf,D6 (manufacturer product entry),,y
sauna/golden-designs/gdi-8203-01,Golden Designs,golden-designs-drammen,"Golden Designs Drammen Outdoor-Indoor Traditional Sauna, 3 Person",golden-designs-drammen-3-person,…“Electrical service: 240V / 40AMP (Stove) and 120V / 15AMP (Control for Lights and Music)”…,https://goldendesigninc.com/products/golden-designs-drammen-3-person-outdoor-indoor-traditional-sauna-gdi-8203-01-canadian-red-cedar-interior,D5 (exterior WDH),,y
sauna/golden-designs/gdi-6996-02-elite,Golden Designs,golden-designs-monaco-limited,"Golden Designs Far IR Sauna, 6 Person",golden-designs-gdi-6996-02-elite-6-person,"“Electrical Service: Special Electrical 2 separate dedicated 20 amp 120 volt outlets, two separate 20 amp breakers required.”…",https://goldendesigninc.com/products/gdi-6996-02-near-zero-emf-far-infrared-sauna,D12 (N separate circuits); D14 (link: manufacturer SKU GDI-6996-02 = INH SKU GDI-6996-02),manufacturer title names no model; handle falls back to the model number; held: needs a manual handle/title choice,
sauna/golden-designs/gdi-8506-01,Golden Designs,kaarina-6-person-sauna,"Golden Designs Kaarina Barn Outdoor Traditional Sauna, 6 Person",golden-designs-kaarina-barn-6-person,…“Electrical service: 240V / 40AMP (Stove) and 120V / 15AMP (Control for Lights and Music)”…,https://goldendesigninc.com/products/golden-designs-kaarina-6-person-outdoor-traditional-sauna-gdi-8506-01-canadian-red-cedar-interio,D5 (exterior WDH),,y
sauna/golden-designs/gdi-8526-01,Golden Designs,kaskinen-6-sauna,"Golden Designs Kaskinen Barn Hybrid Outdoor Sauna, 6 Person",golden-designs-kaskinen-barn-6-person,…“Electrical service: 240V / 40AMP (Stove & Full Spectrum)”… / “Owner’s Manual SAUNA IS FOR OUTDOOR/INDOOR USE Dedicated 240VAC 40AMP Circuit Required (8kW Heater)”…,https://goldendesigninc.com/products/golden-designs-kaskinen-6-person-hybrid-puretech™-full-spectrum-ir-or-traditional-stove-outdoor-sauna-gdi-8526-01-canadian-red-cedar-interior; https://goldendesignstorage.blob.core.windows.net/product/8c86628e-7eee-4354-9c51-c2578ba5acc4.pdf,D5 (exterior WDH),,y
sauna/golden-designs/gdi-6996-01-elite,Golden Designs,gdi-6996-elite-sauna,"Golden Designs Monaco Far IR Sauna, 6 Person",golden-designs-monaco-6-person,"“Electrical Service: Special Electrical 2 separate dedicated 20 amp 120 volt outlets, two separate 20 amp breakers required.”…",https://goldendesigninc.com/products/gdi-6996-01-near-zero-emf-far-infrared-sauna,D12 (N separate circuits),"published under the approval rule: D12-eligible, title and handle from existing rules with no manual choice",y
sauna/golden-designs/gdi-8202-01,Golden Designs,golden-designs-narvick,"Golden Designs Narvik Outdoor-Indoor Traditional Sauna, 2 Person",golden-designs-narvik-2-person,…“Electrical service: 240V / 30AMP (Stove) and 120V / 15AMP (Control for Lights and Music)”…,https://goldendesigninc.com/products/golden-designs-narvik-2-person-outdoor-indoor-traditional-sauna-gdi-8202-01-canadian-red-cedar-interior,D5 (exterior WDH),,y
sauna/golden-designs/gdi-8222-01,Golden Designs,golden-designs-nora-hybrid,"Golden Designs Nora Outdoor-Indoor PureTech Hybrid Full Spectrum Sauna, 2 Person",golden-designs-nora-puretech-full-spectrum-2-person,…“Electrical service: 240V / 30AMP (Stove & Full Spectrum)”…,https://goldendesigninc.com/products/golden-designs-nora-2-person-outdoor-indoor-puretech™-hybrid-full-spectrum-sauna-gdi-8222-01-canadian-red-cedar-interior,D5 (exterior WDH),,y
sauna/golden-designs/gdi-8020-03,Golden Designs,golden-designs-reserve-2-person-indoor-full-spectrum-infrared-sauna,"Golden Designs Reserve Edition Full Spectrum with Himalayan Salt Bar, 2 Person",golden-designs-reserve-edition-2-person,…“GDI-8020-03 FS - 120V/15AMP DEDICATED CIRCUIT REQUIRED”…,https://goldendesignstorage.blob.core.windows.net/product/723ec1a8-df3d-45d9-aaab-bcb5614d2455.pdf,D6 (manufacturer product entry),marketing word left in model name: 'Edition'; handle is 77 characters (max 60); approved handle edit: golden-designs-reserve-edition-full-spectrum-with-himalayan-salt-bar-2-person -> golden-designs-reserve-edition-2-person,y
sauna/golden-designs/gdi-8030-03,Golden Designs,golden-designs-reserve-3-person-indoor-full-spectrum-infrared-sauna-hemlock,"Golden Designs Reserve Edition Full Spectrum with Himalayan Salt Bar, 3 Person, GDI-8030-03",golden-designs-reserve-edition-3-person,…“GDI-8030-03 FS - 120V/20AMP DEDICATED CIRCUIT REQUIRED”…,https://goldendesignstorage.blob.core.windows.net/product/723ec1a8-df3d-45d9-aaab-bcb5614d2455.pdf,D6 (manufacturer product entry),marketing word left in model name: 'Edition'; handle still not unique after edition token: needs a human choice; handle is 77 characters (max 60); approved handle edit: golden-designs-reserve-edition-full-spectrum-with-himalayan-salt-bar-3-person -> golden-designs-reserve-edition-3-person,y
sauna/golden-designs/gdi-8230-01,Golden Designs,golden-designs-gdi-8230,"Golden Designs Reserve Edition Full Spectrum with Himalayan Salt Bar, 3 Person, GDI-8230-01",golden-designs-reserve-edition-full-spectrum-with-himalayan-salt-bar-3-person,…“Electrical service: Dual x 120v/15 AMP Non GFCI”…,https://goldendesigninc.com/products/new-2023-collection-reserve-edition-gdi-8230-01-full-spectrum-with-himalayan-salt-bar,D12 (N separate circuits),marketing word left in model name: 'Edition'; handle still not unique after edition token: needs a human choice; handle is 77 characters (max 60); held: needs a manual handle/title choice,
sauna/golden-designs/gdi-8040-03,Golden Designs,golden-designs-full-spectrum-sauna,"Golden Designs Reserve Edition Full Spectrum with Himalayan Salt Bar, 4 Person",golden-designs-reserve-edition-full-spectrum-with-himalayan-salt-bar-4-person,…“GDI-8040-03 FS – TWO SEPARATE 120V/15AMP DEDICATED CIRCUITS REQUIRED”…,https://goldendesignstorage.blob.core.windows.net/product/723ec1a8-df3d-45d9-aaab-bcb5614d2455.pdf,D12 (N separate circuits),marketing word left in model name: 'Edition'; handle is 77 characters (max 60); held: needs a manual handle/title choice,
sauna/golden-designs/gdi-8260-01,Golden Designs,gdi-8260-full-spectrum,"Golden Designs Reserve Edition Full Spectrum with Himalayan Salt Bar, 6 Person",golden-designs-reserve-edition-full-spectrum-with-himalayan-salt-bar-6-person,— (none stated),,D12 (N separate circuits),marketing word left in model name: 'Edition'; handle is 77 characters (max 60); held: needs a manual handle/title choice,
sauna/golden-designs/gdi-8223-01,Golden Designs,goldendesigns-visby-3-person-sauna,"Golden Designs Visby Outdoor-Indoor PureTech Hybrid Full Spectrum Sauna, 3 Person",golden-designs-visby-puretech-full-spectrum-3-person,…“Electrical service: 240V / 40AMP (Stove & Full Spectrum)”…,https://goldendesigninc.com/products/golden-designs-visby-3-person-outdoor-indoor-puretech™-hybrid-full-spectrum-sauna-gdi-8223-01-canadian-red-cedar-interior,D5 (exterior WDH),,y
sauna/maxxus/mx-j306-02s,Maxxus,maxxus-alpine,"Maxxus Alpine Dual Tech Far IR Sauna, 3 Person",maxxus-alpine-3-person,…“MX-J306-02S - 120VAC 20AMP Dedicated Circuits Required”…,https://goldendesignstorage.blob.core.windows.net/product/1f460185-8ba0-41de-8d3e-daa8901dae39.pdf,D12 (N separate circuits),"published under the approval rule: D12-eligible, title and handle from existing rules with no manual choice",y
sauna/maxxus/mx-k356-01-zf-ced,Maxxus,maxxus-3-person-corner-sauna-hemlock,"Maxxus Avignon Corner Far IR Sauna, 3 Person",maxxus-avignon-corner-3-person,“Saunas Owner’s Manual CARBON MODEL SAUNA 120VAC 20AMP Dedicated Circuits Required”…,https://goldendesignstorage.blob.core.windows.net/product/Pdf/ebaefb9b-1fb3-4a9f-a526-0b3283347927.pdf,D12 (N separate circuits),held: ZF variant bound to a base-number manual (Part A R05 variant question),
sauna/maxxus/mx-k406-01-zf-ced,Maxxus,maxxus-chaumont-edition-far-infrared-sauna-corner-unit-4-person-low-emf-red-cedar,"Maxxus Chaumont Far IR Sauna, 4 Person",maxxus-chaumont-4-person,— (none stated),,D12 (N separate circuits),"held: ZF variant bound to a base-number row ""MX-K306-01/MX-K406-01""; the tool shows no quote (Part A R05)",
sauna/maxxus/mx-k406-01-zf-hem,Maxxus,maxxus-mx-k406-sauna,"Maxxus Far IR Sauna, 4 Person, MX-K406-01-ZF HEM",maxxus-mx-k406-01-zf-hem-4-person,— (none stated),,D12 (N separate circuits),"manufacturer title names no model; handle falls back to the model number; held: as K406-ZF CED, and the handle falls back to the model number",
sauna/maxxus/mx-s206-01-fs-pc,Maxxus,maxxus-s-line-2-person-indoor-full-spectrum-infrared-sauna,"Maxxus S-Line Full Spectrum IR Sauna, 2 Person",maxxus-s-line-full-spectrum-2-person,…“Electrical service: 120V/15 AMP Non GFCI plug & play”…,https://goldendesigninc.com/products/new-2024-model-s-edition-mx-s206-01-maxxus-full-spectrum-infrared-sauna-pacific-cedar,D6 (manufacturer product entry),,y
sauna/maxxus/mx-s306-01-fs-pc,Maxxus,maxxus-s-line-mx-s306-01-fs,"Maxxus S-Line Full Spectrum IR Sauna, 3 Person",maxxus-s-line-full-spectrum-3-person,…“Electrical service: Special Electrical 120 V/20 AMP Non GFCI dedicated receptacle and breaker”…,https://goldendesigninc.com/products/new-2024-model-s-edition-mx-s306-01-maxxus-full-spectrum-infrared-sauna-pacific-cedar,D6 (manufacturer product entry),,y
sauna/salus/san03m011,Salus,(not mapped to an INH product),"Salus Elite Far Infrared Indoor Sauna, 6 Person",salus-elite-6-person,“DEL SAUNA FOR INDOOR USE ONLY REQUIRES 2 SEPARATE DEDICATED 120V/20 AMP OUTLETS”…,https://cdn.shopify.com/s/files/1/0720/7695/1854/files/Elite_Sauna_Manual.pdf?v=1730733334,D12 (N separate circuits),"newly eligible under D12, outside the priced scope; published under the approval rule: title and handle from existing rules with no manual choice",y
sauna/salus/san03m017,Salus,(not mapped to an INH product),"Salus Luxen Far Infrared Indoor Sauna, 4 Person",salus-luxen-4-person,“FRARED MODEL SAUNA HEMLOCK WOOD MODEL with CARBON HEATERS 120VAC/20AMP Dedicated Circuits Required”…,https://cdn.shopify.com/s/files/1/0720/7695/1854/files/Luxen_Manual.pdf?v=1779907071,D12 (N separate circuits),"newly eligible under D12, outside the priced scope; published under the approval rule: title and handle from existing rules with no manual choice",y
sauna/salus/san04m005,Salus,(not mapped to an INH product),"Salus Grand Element Full Spectrum Infrared Indoor Sauna, 4 Person",salus-grand-element-full-spectrum-4-person,"…“Electrical service: 2 separate dedicated 15 amp 120 volt outlets, two separate 15 amp breakers required.(Please”…",https://www.salussaunas.com/products/grand-element-person-full-spectrum-infrared-sauna,D12 (N separate circuits),"newly eligible under D12, outside the priced scope; published under the approval rule: title and handle from existing rules with no manual choice",y
sauna/salus/san04m014,Salus,(not mapped to an INH product),"Salus Grand Retreat Full Spectrum Infrared Indoor Sauna, 6 Person",salus-grand-retreat-full-spectrum-6-person,“Carbon Model Sauna Sauna is for Indoor Use Only Two 120V/15AMP Dedicated Circuit”…,https://cdn.shopify.com/s/files/1/0720/7695/1854/files/Grand_Retreat_Full_Spectrum_Infrared_Indoor_Sauna_Manual.pdf?v=1789752374,D12 (N separate circuits),"newly eligible under D12, outside the priced scope; published under the approval rule: title and handle from existing rules with no manual choice",y
sauna/maxxus/mx-k406-01-hemlock,Maxxus,(not mapped to an INH product),"Maxxus Far IR Sauna, 4 Person, MX-K406-01 Hemlock",maxxus-mx-k406-01-hemlock-4-person,…“MX-K406-01 - 120VAC 20AMP Dedicated Circuits Required”…,https://goldendesignstorage.blob.core.windows.net/product/15f60e44-ea11-4cb5-b739-6660abcf152b.pdf,D12 (N separate circuits),manufacturer title names no model; handle falls back to the model number; held: handle falls back to the model number (manual choice),
