model_key,brand,model,title,price,reference_price,type,placement,capacity,voltage,amperage,plug,emf,spectrum,red_light,ir_wattage,heater,heater_kw,max_temp,exterior_dimensions,interior_dimensions,wood,weight,warranty,data_completeness,inhouse_url,retailer_count,retailers
1-042-541-ahkip80pkg-ledbarlc,Almost Heaven Saunas,1-042-541|AHKIP80PKG|LEDBARLC,Patterson 6 Person Indoor Sauna,9627.0,13197.0,Traditional,Indoor,6,,,,,,,,Harvia 8kW electric heater heats to 180ºF in an hour or can be delayed up to eight hou,8 kW,,,,,,,38,,1,Almost Heaven Direct
1-042-542-ahkip80pkg-ledbarlc,Almost Heaven Saunas,1-042-542|AHKIP80PKG|LEDBARLC,Worthington 4-6 Person Indoor Sauna,7415.0,10985.0,Traditional,Indoor,6,,,,,,,,,,,,,Spruce,,,31,,1,Almost Heaven Direct
1-044-208-ahkip60pkgus-ledbarsc,Almost Heaven Saunas,1-044-208|AHKIP60PKGUS|LEDBARSC,Hillsboro 2 Person Indoor Sauna,5299.0,6298.0,Traditional,Indoor,2,,,,,,,,Harvia 6kW electric heater with an instant or delayed start (up to eight hours),6 kW,,,,Spruce,,,46,,1,Almost Heaven Direct
4020741-ahkip60pkgus-ledbarsc,Almost Heaven Saunas,4020741|AHKIP60PKGUS|LEDBARSC,Sutton 2-person Indoor Sauna,5017.0,7238.0,Traditional,Indoor,2,,,,,,,,Harvia 6kW heater heats to 185ºF in an hour or with a delayed start up to eight hours,6 kW,,,,,,,38,,1,Almost Heaven Direct
4020830-ahvrt9pkg,Almost Heaven Saunas,4020830|AHVRT9PKG,Olympus 6 Person Sauna,16341.0,16341.0,Traditional,Indoor,6,,,,,,,,Harvia Virta Heater with Xenio WiFi control—free with purchase,9 kW,,,,Spruce,,,46,,1,Almost Heaven Direct
4021208-ahkip80pkg-ledkitsc,Almost Heaven Saunas,4021208|AHKIP80PKG|LEDKITSC,Takoa Half Moon Classic Barrel Sauna — Harvia Collection,10691.1,18843.0,Traditional,Outdoor,6,,,,,,,,Harvia Collection,8 kW,,,,,,,38,,1,Almost Heaven Direct
4021209-ahkip80pkg-ledkitsc,Almost Heaven Saunas,4021209|AHKIP80PKG|LEDKITSC,Magnus 6 Person Canopy Barrel Sauna — Harvia Collection,11590.6,20128.0,Traditional,Outdoor,6,,,,,,,,Harvia Collection,8 kW,,,,,,,38,,1,Almost Heaven Direct
4021210-ahkip80pkg-ledkitsc,Almost Heaven Saunas,4021210|AHKIP80PKG|LEDKITSC,Evander Half-Moon Canopy Barrel Sauna — Harvia Collection,12357.1,21223.0,Traditional,Outdoor,6,,,,,,,,Harvia Collection,,,,,,,,31,,1,Almost Heaven Direct
4021217-ahkip80pkg-ledkitsc,Almost Heaven Saunas,4021217|AHKIP80PKG|LEDKITSC,Kuuma 4-6 Person Classic Barrel Sauna — Harvia Collection,9892.4,17702.0,Traditional,Outdoor,6,,,,,,,,Harvia Collection,8 kW,,,,,,,38,,1,Almost Heaven Direct
ahauburnru-clrindlrg-ahkip60pkgus-ledkitlc,Almost Heaven Saunas,AHAUBURNRU|CLRINDLRG|AHKIP60PKGUS|LEDKITLC,Auburn 2-3 Person Indoor Sauna,4577.0,9127.0,Traditional,Indoor,3,,,,,,,,Harvia 6kW heater reaches 180ºF in an hour or can be delayed up to eight hours,6 kW,,,,,,,38,,1,Almost Heaven Direct
ahbpt6pru-clrindlrg-ahkip80pkg-ledkitlc,Almost Heaven Saunas,AHBPT6PRU|CLRINDLRG|AHKIP80PKG|LEDKITLC,Bridgeport 6 Person Indoor Sauna,7624.0,13685.0,Traditional,Indoor,6,,,,,,,,Harvia 8kW heater heats to 180ºF within an hour or with a delayed start up to eight ho,8 kW,,,,,,,38,,1,Almost Heaven Direct
ahbrl64ru-clrdoorsml-nowindow-ahkip60pkgus-ledkitsc,Almost Heaven Saunas,AHBRL64RU|CLRDOORSML|NOWINDOW|AHKIP60PKGUS|LEDKITSC,Salem 2 Person Barrel Sauna,4036.5,7684.0,Traditional,Outdoor,2,,,,,,,,,,,,,,,,23,,1,Almost Heaven Direct
ahbrl64ru-clrdoorsml-nowindow-jh60w2401-cx170-u1-15-xw-fx001xw-ac3000-ledkitsc,Almost Heaven Saunas,AHBRL64RU|CLRDOORSML|NOWINDOW|JH60W2401|CX170-U1-15-XW|FX001XW|AC3000|LEDKITSC,Salem 2 Person Barrel Sauna Kit,5484.0,5484.0,Traditional,Outdoor,2,,,,,,,,Harvia 2 app,6 kW,Up to 194°F,,,,,,46,,1,Almost Heaven Direct
ahbrl65ru-clrdoorsml-nowindow-ahkip60pkgus-ledkitsc,Almost Heaven Saunas,AHBRL65RU|CLRDOORSML|NOWINDOW|AHKIP60PKGUS|LEDKITSC,Watoga 2-4 Person Barrel Sauna,5184.0,8459.0,Traditional,Outdoor,4,,,,,,,,,,,,,,,,23,,1,Almost Heaven Direct
ahbrl65ru-clrdoorsml-nowindow-jh60w2401-cx170-u1-15-xw-fx001xw-ac3000-ledkitsc,Almost Heaven Saunas,AHBRL65RU|CLRDOORSML|NOWINDOW|JH60W2401|CX170-U1-15-XW|FX001XW|AC3000|LEDKITSC,Watoga 2-4 Person Barrel Sauna Kit,6183.0,6183.0,Traditional,Outdoor,4,,,,,,,,Harvia 2 app,6 kW,Up to 194°F,,,,,,46,,1,Almost Heaven Direct
ahbrl66ru-clrdoorsml-nowindow-ahkip60pkgus-ledkitsc,Almost Heaven Saunas,AHBRL66RU|CLRDOORSML|NOWINDOW|AHKIP60PKGUS|LEDKITSC,Pinnacle 4 Person Barrel Sauna,6060.0,11774.0,Traditional,Outdoor,4,,,,,,,,,,,,,,,,23,,1,Almost Heaven Direct
ahbrl68ru-clrdoorsml-nowindow-ahkip80pkg-ledkitsc,Almost Heaven Saunas,AHBRL68RU|CLRDOORSML|NOWINDOW|AHKIP80PKG|LEDKITSC,Princeton 6 Person Barrel Sauna,8932.0,14040.0,Traditional,Outdoor,6,,,,,,,,Harvia 8kW heater heats to 180ºF in an hour with a delayed start option up to eight ho,8 kW,,,,,,,38,,1,Almost Heaven Direct
ahbrl76ru-clrbrllrg-nowindow-ahkip80pkg-ledkitsc,Almost Heaven Saunas,AHBRL76RU|CLRBRLLRG|NOWINDOW|AHKIP80PKG|LEDKITSC,Essex 4 Person Barrel Sauna,8548.0,13440.0,Traditional,Outdoor,4,,,,,,,,,8 kW,,,,,,,31,,1,Almost Heaven Direct
ahbrl77ru-clrbrllrg-nowindow-ahkip80pkg-ledkitsc,Almost Heaven Saunas,AHBRL77RU|CLRBRLLRG|NOWINDOW|AHKIP80PKG|LEDKITSC,Seneca 6 Person Barrel Sauna,8844.0,13895.0,Traditional,Outdoor,6,,,,,,,,,,,,,,,,23,,1,Almost Heaven Direct
ahbrl78ru-clrbrllrg-nowindow-ahkip80pkg-ledkitsc,Almost Heaven Saunas,AHBRL78RU|CLRBRLLRG|NOWINDOW|AHKIP80PKG|LEDKITSC,Lewisburg 6-8 Person Barrel Sauna,9083.0,14208.0,Traditional,Outdoor,8,,,,,,,,"Harvia 8kW electric heater, which heats to 180ºF for a steamy, relaxing session",8 kW,,,,,,,38,,1,Almost Heaven Direct
ahcpy62ru-clrdoorsml-nowindow-ahkip60pkgus-ledkitsc,Almost Heaven Saunas,AHCPY62RU|CLRDOORSML|NOWINDOW|AHKIP60PKGUS|LEDKITSC,Charleston 4 Person Canopy Barrel Sauna,7145.6,13326.0,Traditional,Outdoor,4,,,,,,,,Harvia 6kW heater heat to 175-185ºF,6 kW,,,,,,,38,,1,Almost Heaven Direct
ahcpy65ru-clrdoorsml-nowindow-ahkip60pkgus-ledkitsc,Almost Heaven Saunas,AHCPY65RU|CLRDOORSML|NOWINDOW|AHKIP60PKGUS|LEDKITSC,Vienna 2 Person Canopy Barrel Sauna,5184.0,10128.0,Traditional,Outdoor,2,,,,,,,,Harvia 6kW heater,6 kW,,,,,,,38,,1,Almost Heaven Direct
ahcpy66ru-clrdoorsml-nowindow-ahkip60pkgus-ledkitsc,Almost Heaven Saunas,AHCPY66RU|CLRDOORSML|NOWINDOW|AHKIP60PKGUS|LEDKITSC,Audra 2-4 Person Canopy Barrel Sauna,7575.0,11139.0,Traditional,Outdoor,4,,,,,,,,,,,,,,,,23,,1,Almost Heaven Direct
ahcpy68ru-clrdoorsml-nowindow-ahkip80pkg-ledkitsc,Almost Heaven Saunas,AHCPY68RU|CLRDOORSML|NOWINDOW|AHKIP80PKG|LEDKITSC,Huntington 4-6 Person Canopy Barrel Sauna,8932.0,14040.0,Traditional,Outdoor,6,,,,,,,,,,,,,,,,23,,1,Almost Heaven Direct
ahcpy78ru-clrbrllrg-nowindow-ahkip80pkg-ledkitsc,Almost Heaven Saunas,AHCPY78RU|CLRBRLLRG|NOWINDOW|AHKIP80PKG|LEDKITSC,Grandview 4-6 Person Canopy Barrel Sauna,9083.0,14208.0,Traditional,Outdoor,6,,,,,,,,,,,,,,,,23,,1,Almost Heaven Direct
ahcubebwru-hl9u1-fx45-u1-u3-xc-ac3020-ac3020-ac3020-ledkitlc,Almost Heaven Saunas,AHCUBEBWRU|HL9U1|FX45-U1-U3-XC|AC3020|AC3020|AC3020|LEDKITLC,BlackWater 4 Person Cube Sauna,10563.75,15399.0,Traditional,Outdoor,4,,,,,,,,,,,,,Cedar,,,31,,1,Almost Heaven Direct
ahcubeminiru-ahkip60pkgus-ledkitsc,Almost Heaven Saunas,AHCUBEMINIRU|AHKIP60PKGUS|LEDKITSC,NEW Blackwater 1-2 Person Mini-Cube Sauna,6297.75,12286.0,Traditional,Indoor,2,,,,,,,,,,,,,Cedar,,,31,,1,Almost Heaven Direct
ahgsn4pru-clrindlrg-ahkip80pkg-ledkitlc,Almost Heaven Saunas,AHGSN4PRU|CLRINDLRG|AHKIP80PKG|LEDKITLC,Grayson 4 Person Indoor Sauna,7255.0,13595.0,Traditional,Indoor,4,,,,,,,,Harvia 8kW heater heats in an hour or with a delayed start up to eight hours,8 kW,,,,,,,38,,1,Almost Heaven Direct
ahirhinru-ledkitlc,Almost Heaven Saunas,AHIRHINRU|LEDKITLC,NEW Hinton 2-3 Person Infrared Sauna,6840.0,6840.0,Infrared,Indoor,3,,,,,Far Infrared,,,,,,,,,,,29,,1,Almost Heaven Direct
ahirlauru-ledkitlc,Almost Heaven Saunas,AHIRLAURU|LEDKITLC,NEW Laurel 1 Person Infrared Sauna,5999.99,5999.99,Infrared,Indoor,1,,,,,Far Infrared,,,,,,,,,,,29,,1,Almost Heaven Direct
ahlgn1pru-clrindlrg-ahkip60pkgus-ledkitsc,Almost Heaven Saunas,AHLGN1PRU|CLRINDLRG|AHKIP60PKGUS|LEDKITSC,Logan 1 Person Indoor Sauna,4172.0,7307.0,Traditional,Indoor,1,,,,,,,,Harvia 6kW heater in an hour or on a delayed start up to eight hours,6 kW,,,,,,,38,,1,Almost Heaven Direct
ahmad2pru-clrindlrg-ahkip60pkgus-ledkitlc,Almost Heaven Saunas,AHMAD2PRU|CLRINDLRG|AHKIP60PKGUS|LEDKITLC,Madison 2-3 Person Indoor Sauna,5160.0,12749.0,Hybrid,Indoor,3,,,,,Infrared,,,Harvia 6kW heater heats to 180ºF in an hour or can be delayed up to eight hours,6 kW,,,,,,,35,,1,Almost Heaven Direct
ahoasis4pru-ahkip80pkg-ledkitlc,Almost Heaven Saunas,AHOASIS4PRU|AHKIP80PKG|LEDKITLC,Oasis 4 Person Indoor Sauna,7806.0,13676.0,Traditional,Indoor,4,,,,,,,,,,,,,Canadian Hemlock / Cedar,,,31,,1,Almost Heaven Direct
ahrain4pru-clrindlrg-ahkip60pkgus-ledkitlc,Almost Heaven Saunas,AHRAIN4PRU|CLRINDLRG|AHKIP60PKGUS|LEDKITLC,Rainelle 4 Person Indoor Sauna,5859.2,13574.0,Hybrid,Indoor,4,,,,,Infrared,,,Harvia 8kW heater heats to 180ºF in an hour with an instant or delayed start (up to ei,8 kW,,,,,,,35,,1,Almost Heaven Direct
ahserena3pru-ahkip60pkgus-ledkitlc,Almost Heaven Saunas,AHSERENA3PRU|AHKIP60PKGUS|LEDKITLC,Serena 3 Person Indoor Sauna,4725.0,9120.0,Traditional,Indoor,3,,,,,,,,,,,,,Canadian Hemlock / Cedar,,,31,,1,Almost Heaven Direct
ahshn712ru-clrbrllrg-nowindow-ahkip80pkg-ledkitsc,Almost Heaven Saunas,AHSHN712RU|CLRBRLLRG|NOWINDOW|AHKIP80PKG|LEDKITSC,Shenandoah 4 Person Barrel Sauna,10650.0,18456.0,Traditional,Outdoor,4,,,,,,,,,,,,,,,,23,,1,Almost Heaven Direct
ahspect2pru-ahkip60pkgus-ledkitsc,Almost Heaven Saunas,AHSPECT2PRU|AHKIP60PKGUS|LEDKITSC,Spectacle 2 Person Indoor Sauna,4658.0,8888.0,Traditional,Indoor,2,,,,,,,,,,,,,Canadian Hemlock / Cedar,,,31,,1,Almost Heaven Direct
ahtitan6pru-ahkip80pkg-ledkitlc,Almost Heaven Saunas,AHTITAN6PRU|AHKIP80PKG|LEDKITLC,Titan 6 Person Indoor Sauna,8176.0,12430.0,Traditional,Indoor,6,,,,,,,,,,,,,Canadian Hemlock / Cedar,,,31,,1,Almost Heaven Direct
alp-m-p-dgr-hl11u1-fx45-u1-u3-xc-ac3020-ac3020-ac3020-ac3020-ledbarlc,Almost Heaven Saunas,ALP-M-P-DGR|HL11U1|FX45-U1-U3-XC|AC3020|AC3020|AC3020|AC3020|LEDBARLC,Alpina Outdoor Sauna — Harvia Collection,27814.5,50565.0,Traditional,Outdoor,,,,,,,,,Harvia Collection,,,,,,,,23,,1,Almost Heaven Direct
balance-v-s-ahkip80pkg-ledbarsc,Almost Heaven Saunas,BALANCE-V-S|AHKIP80PKG|LEDBARSC,Everwood Indoor Sauna — Harvia Collection,7761.6,15133.0,Traditional,Indoor,,,,,,,,,Harvia Collection,,,,,,,,23,,1,Almost Heaven Direct
basic-l-ahkip80pkg-ledbarlc,Almost Heaven Saunas,BASIC-L|AHKIP80PKG|LEDBARLC,Tyrol Indoor Sauna — Harvia Collection,6092.8,13001.0,Traditional,Indoor,,,,,,,,,Harvia Collection,,,,,,,,23,,1,Almost Heaven Direct
country-hl11u1-fx45-u1-u3-xc-ac3020-ac3020-ac3020-ac3020-ledbarlc,Almost Heaven Saunas,Country|HL11U1|FX45-U1-U3-XC|AC3020|AC3020|AC3020|AC3020|LEDBARLC,Saddle Mountain Outdoor Sauna — Harvia Collection,13756.4,21081.0,Traditional,Outdoor,,,,,,,,,Harvia Collection,10.5 kW,,,,Spruce,,,38,,1,Almost Heaven Direct
family-s-ahkip80pkg-ledbarsc,Almost Heaven Saunas,FAMILY-S|AHKIP80PKG|LEDBARSC,Nordik Indoor Sauna — Harvia Collection,8314.0,12590.0,Traditional,Indoor,,,,,,,,,Harvia Collection,,,,,Spruce,,,31,,1,Almost Heaven Direct
har-5002-01,Almost Heaven Saunas,HAR-5002-01,Harmony Infrared 2-3 Person Sauna,7374.99,8634.99,Infrared,Indoor,3,,,,Near Zero,Far Infrared,,,,,,,,Canadian Hemlock,,,43,,1,Almost Heaven Direct
har-7002-01,Almost Heaven Saunas,HAR-7002-01,Elysian Infrared 2-3 Person Sauna,6210.99,7626.99,Infrared,Indoor,3,,,,Near Zero,Full Spectrum,True,,,,,,,Canadian Hemlock,,,50,,1,Almost Heaven Direct
hartmb6pos-ahkip80pkg-54007300-ledbarlc,Almost Heaven Saunas,HARTMB6POS|AHKIP80PKG|54007300|LEDBARLC,Timberline Outdoor Sauna — Harvia Collection,9963.1,27649.0,Traditional,Outdoor,,,,,,,,,Harvia Collection,,,,,Spruce,,,31,,1,Almost Heaven Direct
himalayasm-ahkip60pkgus,Almost Heaven Saunas,HimalayaSM|AHKIP60PKGUS,Himalaya Salt Indoor Sauna,12359.0,17204.0,Traditional,Indoor,4,,,,,,,,"Harvia heaters reaching up to 190°F, the Himalaya delivers a rejuvenating spa experien",,Up to 190°F,,,Spruce,,,46,,1,Almost Heaven Direct
komfort-s-ahkip60pkgus-ledbarsc,Almost Heaven Saunas,KOMFORT-S|AHKIP60PKGUS|LEDBARSC,Wolfpine Indoor Sauna — Harvia Collection,6417.6,13441.0,Traditional,Indoor,,,,,,,,,Harvia Collection,,,,,Spruce,,,31,,1,Almost Heaven Direct
mk10001,Almost Heaven Saunas,MK10001,Quick Ship - Hillsboro 2 Person Indoor Sauna,6298.0,6298.0,Traditional,Indoor,2,,,,,,,,Harvia 6kW smart electric heater with Wi-Fi compatibility for convenient remote start,6 kW,,,,Spruce,,,46,,1,Almost Heaven Direct
mk100010,Almost Heaven Saunas,MK100010,Quick Ship - Blackwater 4 Person Cube Sauna,10563.75,15399.0,Traditional,Outdoor,4,,,,,,,,,,,,,Cedar,,,31,,1,Almost Heaven Direct
mk100012,Almost Heaven Saunas,MK100012,Quick Ship - NEW Blackwater 1-2 Person Mini-Cube Sauna,6297.75,9430.0,Traditional,Indoor,2,,,,,,,,,,,,,Cedar,,,31,,1,Almost Heaven Direct
mk100014,Almost Heaven Saunas,MK100014,Quick Ship - Grayson 4 Person Indoor Sauna,12624.0,12624.0,Traditional,Indoor,4,,,,,,,,Harvia 8kW heater heats in an hour or with a delayed start up to eight hours,8 kW,,,,,,,38,,1,Almost Heaven Direct
mk10002,Almost Heaven Saunas,MK10002,Quick Ship - Auburn 2-3 Person Indoor Sauna,7375.0,8728.0,Traditional,Indoor,3,,,,,,,,Harvia 8kW heater delivers temperatures up to 194ºF,8 kW,,,,,,,38,,1,Almost Heaven Direct
mk10005,Almost Heaven Saunas,MK10005,Quick Ship - Audra 2-4 Person Canopy Barrel Sauna,8973.0,10740.0,Traditional,Outdoor,4,,,,,,,,,,,,,,,,23,,1,Almost Heaven Direct
mk10009,Almost Heaven Saunas,MK10009,Quick Ship - Salem 2 Person Barrel Sauna,6706.0,7105.0,Traditional,Outdoor,2,,,,,,,,,,,,,,,,23,,1,Almost Heaven Direct
sldco2ps-ahkip80pkg-ledbarlc,Almost Heaven Saunas,SLDCO2PS|AHKIP80PKG|LEDBARLC,Solide Compact 4-6 Person Cabin Sauna,14233.0,19946.0,Traditional,Outdoor,6,,,,,,,,,,,,,Spruce,,,31,,1,Almost Heaven Direct
sldcv01ps-hl11u1-fx45-u1-u3-xc-ac3020-ac3020-ac3020-ac3020-ledbarlc,Almost Heaven Saunas,SLDCV01PS|HL11U1|FX45-U1-U3-XC|AC3020|AC3020|AC3020|AC3020|LEDBARLC,View Outdoor Sauna — Harvia Collection,14179.9,21686.0,Traditional,Outdoor,,,,,,,,,Harvia Collection,,,,,Spruce,,,31,,1,Almost Heaven Direct
so22002-ahkip80pkg-ledbarlc,Almost Heaven Saunas,SO22002|AHKIP80PKG|LEDBARLC,Allegheny 6 Person Cabin Sauna,10722.0,15006.0,Traditional,Outdoor,6,,,,,,,,,,,,,Spruce,,,31,,1,Almost Heaven Direct
so40002-ahkip80pkg-ledbarlc,Almost Heaven Saunas,SO40002|AHKIP80PKG|LEDBARLC,Appalachia 6 Person Cabin Sauna,12650.0,16934.0,Traditional,Outdoor,6,,,,,,,,Harvia 8kW electric heater with delay-start convenience (heating up to 180ºF) or a tra,8 kW,,,,,,,38,,1,Almost Heaven Direct
clearlight-curve-sauna-dome-w-infrared-mat,Clearlight,clearlight-curve-sauna-dome-w-infrared-mat,Clearlight® Curve Sauna Dome w/ Infrared Mat,1999.0,2899.0,Hybrid,Indoor,1,,,,Low,Far Infrared,,,,,,,,,,,29,,1,SaunaFriend
clearlight-sanctuary-1-full-spectrum-infrared-sauna-1-person,Clearlight,clearlight-sanctuary-1-full-spectrum-infrared-sauna-1-person,Clearlight® SANCTUARY 1 FULL SPECTRUM INFRARED SAUNA (1 Person),6999.0,7799.0,Infrared,Indoor,1,,,,Low,Full Spectrum,,,,,,,,,,Limited lifetime warranty,43,,1,SaunaFriend
clearlight-sanctuary-2-full-spectrum-infrared-sauna-2-person,Clearlight,clearlight-sanctuary-2-full-spectrum-infrared-sauna-2-person,Clearlight® SANCTUARY 2 FULL SPECTRUM INFRARED SAUNA (2 Person),7399.0,8199.0,Infrared,Indoor,2,,20A,,Low,Full Spectrum,,,,,,,,,,Limited lifetime warranty,50,,1,SaunaFriend
clearlight-sanctuary-3-full-spectrum-infrared-sauna-3-person,Clearlight,clearlight-sanctuary-3-full-spectrum-infrared-sauna-3-person,Clearlight® SANCTUARY 3 FULL SPECTRUM INFRARED SAUNA (3 Person),7799.0,8599.0,Infrared,Indoor,3,240V,,,,Full Spectrum,,,,,,,,,,Limited lifetime warranty,43,,1,SaunaFriend
clearlight-sanctuary-5-full-spectrum-infrared-sauna-5-person,Clearlight,clearlight-sanctuary-5-full-spectrum-infrared-sauna-5-person,Clearlight® SANCTUARY 5 FULL SPECTRUM INFRARED SAUNA (5 Person),8399.0,9299.0,Infrared,Indoor,5,240V,,,Low,Full Spectrum,,,,,,,,,,Limited lifetime warranty,50,,1,SaunaFriend
clearlight-sanctuary-c-full-spectrum-infrared-corner-sauna-4-person,Clearlight,clearlight-sanctuary-c-full-spectrum-infrared-corner-sauna-4-person,Clearlight® SANCTUARY C FULL SPECTRUM INFRARED CORNER SAUNA (4 person),9199.0,10199.0,Infrared,Indoor,3,240V,,,,Full Spectrum,,,,,,,,,,Limited lifetime warranty,43,,1,SaunaFriend
clearlight-sanctuary-outdoor-2-full-spectrum-infrared-sauna-2-person,Clearlight,clearlight-sanctuary-outdoor-2-full-spectrum-infrared-sauna-2-person,Clearlight® SANCTUARY OUTDOOR 2 FULL SPECTRUM INFRARED SAUNA (2 PERSON),8699.0,9299.0,Infrared,Outdoor,2,240V,,,,Full Spectrum,,,,,,,,Cedar,,Limited lifetime warranty,50,,1,SaunaFriend
clearlight-sanctuary-outdoor-5-full-spectrum-infrared-sauna-4-5-person,Clearlight,clearlight-sanctuary-outdoor-5-full-spectrum-infrared-sauna-4-5-person,Clearlight® SANCTUARY OUTDOOR 5 FULL SPECTRUM INFRARED SAUNA (4-5 PERSON),9799.0,10399.0,Infrared,Outdoor,5,240V,,,,Full Spectrum,,,,,,,,Cedar,,Limited lifetime warranty,50,,1,SaunaFriend
clearlight-sanctuary-retreat-full-spectrum-infrared-sauna-4-person,Clearlight,clearlight-sanctuary-retreat-full-spectrum-infrared-sauna-4-person,Clearlight® SANCTUARY RETREAT FULL SPECTRUM INFRARED SAUNA (4 Person),9599.0,10299.0,Infrared,Indoor,4,240V,,,,Full Spectrum,,,,,,,,,,Limited lifetime warranty,43,,1,SaunaFriend
is-1,Clearlight,IS-1,Clearlight® PREMIER IS-1 FAR INFRARED SAUNA (1 Person),5000.0,6299.0,Infrared,Indoor,1,,,,Low,Far Infrared,,,,,,,,,,Limited lifetime warranty,43,,1,SaunaFriend
is-2,Clearlight,IS-2,Clearlight® PREMIER IS-2 FAR INFRARED SAUNA (2 Person),5899.0,7099.0,Infrared,Indoor,2,,,,Ultra Low,Far Infrared,,,,,,,,,,Limited lifetime warranty,43,,1,SaunaFriend
is-3,Clearlight,IS-3,Clearlight® PREMIER IS-3 FAR INFRARED SAUNA (3 Person),6299.0,7599.0,Infrared,Indoor,3,,,,Ultra Low,Far Infrared,,,,,,,,,,Limited lifetime warranty,43,,1,SaunaFriend
ctc2245w,Dundalk Leisurecraft,CTC2245W,LeisureCraft Serenity Barrel Sauna – Fits 3-4 People,5724.0,8742.19,Traditional,Outdoor,4,,,,,,,,"Harvia 6 kW, Designer B series) or a traditional wood‑burning stove, the Serenity saun",6 kW,,"15.4""W (390mm) x 13.2""D (335mm) x 23.3""H (590mm)",,Cedar,,5-year limited warranty,62,https://inhousewellness.com/products/leisurecraft-serenity,2,InHouse Wellness | Solaci Home
ctc22lu,Dundalk Leisurecraft,CTC22LU,LeisureCraft Luna Sauna – Fits 2-3 People,6825.0,10664.84,Traditional,Outdoor,3,,,,,,,,Electric sauna heater; 6-8 kW recommended,6 kW,,86.22 in W x 84.65 in L x 86.22 in H,,Cedar,1526 lbs,5-year residential limited warranty,69,https://inhousewellness.com/products/leisurecraft-luna,4,InHouse Wellness | Altered Physical | Solaci Home | Steam Sauna Supply
ctc22w,Dundalk Leisurecraft,CTC22W,Leisurecraft Timber Harmony 4 Person Outdoor Barrel Sauna,6782.5,8478.13,Traditional,Outdoor,4,,,,,,,,Harvia Forte Electric Sauna Heater 6,6 kW,,"20""W (50cm) x 21""D (53cm) x 35""H (88cm)",,Cedar,,5-year limited warranty,62,https://inhousewellness.com/products/leisurecraft-timber-harmony-4-person-outdoor-barrel-sauna,2,InHouse Wellness | Solaci Home
ctc2345,Dundalk Leisurecraft,CTC2345,LeisureCraft Tranquility Barrel Sauna for up to 8 People | Premium Canadian Cedar,7353.13,15298.44,Traditional,Outdoor,8,,,,,,,,"Harvia, HUUM, and others), allowing you to choose from",6 kW,,,,Cedar,,,46,https://inhousewellness.com/products/leisurecraft-tranquility-barrel-sauna,1,InHouse Wellness
ctc66w,Dundalk Leisurecraft,CTC66W,LeisureCraft Granby 2-3 Person Outdoor Sauna – Premium Cedar Cabin Design,7085.63,8857.03,Traditional,Outdoor,3,,,,,,,,Harvia KIP 6kW Electric Sauna Heater w/ Built-in Controls and Stones,6 kW,,"16""W (406mm) x 11""D (279mm) x 24""H (609mm)",,Cedar,,5-year limited warranty,62,https://inhousewellness.com/products/leisurecraft-granby-2-3-person-cabin-sauna,2,InHouse Wellness | Solaci Home
ctc77mw,Dundalk Leisurecraft,CTC77MW,LeisureCraft CT MiniPOD Outdoor Sauna – 3-4 Person Cabin Sauna with Premium Cedar,6478.0,10226.56,Traditional,Outdoor,4,,,,,,,,Electric 6-8 kW heater or wood-burning stove,6-8 kW,,Approx. 7 ft W x 7 ft L x 7 ft H,,Cedar,1403 lbs,5-year residential limited warranty,69,https://inhousewellness.com/products/leisurecraft-ct-minipod-sauna-fits-3-4-people,2,InHouse Wellness | Solaci Home
ctc88w,Dundalk Leisurecraft,CTC88W,CT Georgian Cabin Sauna – Outdoor 4-Person Sauna with Modern Heating & Luxury Design,6953.0,10950.0,Traditional,Outdoor,4,,,,,,,,Harvia KIP 8kW Electric Sauna Heater w/ Built-in Controls and Stones,8 kW,,"16""W (406mm) x 11""D (279mm) x 24""H (609mm)",,Cedar,,5-year limited warranty,62,https://inhousewellness.com/products/ct-georgian-cabin-sauna,2,InHouse Wellness | Solaci Home
dyn-6103-01,Dynamic Saunas,DYN-6103-01,Dynamic Saunas Avila 1-2 Person Low EMF FAR Infrared Sauna,1999.0,3499.0,Infrared,Indoor,2,120V,15A,Standard 120V outlet,Low,Full Spectrum,True,,,,Up to 140°F,,,Canadian Hemlock,250 lbs,,79,https://inhousewellness.com/products/dynamic-avila-2-sauna-infrared,3,InHouse Wellness | Golden Designs Direct | Paradise Bay Leisure Products
dyn-6103-01-elite,Dynamic Saunas,DYN-6103-01 Elite,Dynamic Saunas Avila DYN-6103-01 Elite – 1-2 Person Ultra-Low EMF FAR Infrared Sauna,2299.0,3999.0,Infrared,Indoor,2,120V,15A,Standard 120V outlet,Ultra Low,Far Infrared,True,,,,Up to 140°F,,,Canadian Hemlock,250 lbs,,79,https://inhousewellness.com/products/dynamic-saunas-avila-elite,3,InHouse Wellness | Ampsrus | Golden Designs Direct
dyn-6106-01,Dynamic Saunas,DYN-6106-01,Dynamic Ultra Low EMF Far Infrared Sauna - Barcelona Elite Edition,1999.0,3499.0,Infrared,Indoor,2,120V,15A,Standard 120V outlet,Ultra Low,Far Infrared,True,,,,Up to 140°F,,,Canadian Hemlock,250 lbs,,79,https://inhousewellness.com/products/1-2-person-infrared-sauna-model-number-low-emf-hemlock-bluetooth,3,InHouse Wellness | Ampsrus | Golden Designs Direct
dyn-6106-01-elite,Dynamic Saunas,DYN-6106-01 Elite,Dynamic Ultra Low EMF Far Infrared Sauna - Barcelona Elite Edition,2299.0,3999.0,Infrared,Indoor,1,120V,20A,Standard 120V outlet,Ultra Low,Far Infrared,True,,,,Up to 140°F,,,Canadian Hemlock,250 lbs,,79,https://inhousewellness.com/products/dynamic-ultra-low-emf-sauna,2,InHouse Wellness | Golden Designs Direct
dyn-6115-05,Dynamic Saunas,DYN-6115-05,Dynamic Saunas DYN-6115-05 Veneto 2 Person Low EMF Far Infrared Sauna,2299.0,3999.0,Infrared,Indoor,2,120V,15A,Standard 120V outlet,Low,Far Infrared,True,,,,,,,Canadian Hemlock,250 lbs,,79,https://inhousewellness.com/products/dynamic-saunas-dyn-6115-05-veneto,3,InHouse Wellness | Ampsrus | Golden Designs Direct
dyn-6119-01,Dynamic Saunas,DYN-6119-01,Dynamic Saunas Gracia 1-2 Person Low EMF FAR Infrared Sauna,1999.0,3499.0,Infrared,Indoor,2,120V,15A,Standard 120V outlet,Near Zero,Full Spectrum,True,,,,Up to 140°F,,,Canadian Hemlock,255 lbs,,79,https://inhousewellness.com/products/1-2-person-infrared-sauna-hemlock-chromotherapy,2,InHouse Wellness | Golden Designs Direct
dyn-6119-01-elite,Dynamic Saunas,DYN-6119-01-ELITE,Dynamic Saunas Gracia DYN-6119-01 Elite Ultra Low EMF FAR Infrared Sauna 2 Person,3999.0,5200.0,Infrared,Indoor,2,120V,15A,Standard 120V outlet,Ultra Low,Far Infrared,True,,,,Up to 140°F,,,Canadian Hemlock,255 lbs,,79,https://inhousewellness.com/products/gracia-ultra-lowemf-sauna,3,InHouse Wellness | Ampsrus | Golden Designs Direct
dyn-6119-03-fs,Dynamic Saunas,DYN-6119-03 FS,Dynamic Saunas DYN-6119-03 FS Gracia 2 Person Full Spectrum Near Zero EMF Far Infrared Sauna,2899.0,4999.0,Infrared,Indoor,2,120V,15A,Standard 120V outlet,Near Zero,Full Spectrum,True,,,,Up to 140°F,,,Canadian Hemlock,255 lbs,,79,https://inhousewellness.com/products/dynamic-saunas-dyn-6119-03-fs-gracia,2,InHouse Wellness | Golden Designs Direct
dyn-6203-01-elite,Dynamic Saunas,DYN-6203-01 Elite,Dynamic Saunas Cardoba 2-Person Ultra Low EMF FAR Infrared Sauna,2499.0,4999.0,Infrared,Indoor,2,120V,15A,Standard 120V outlet,Ultra Low,Far Infrared,True,,,,Up to 140°F,,,Canadian Hemlock,300 lbs,,79,https://inhousewellness.com/products/dynamic-cardoba-2-infrared-sauna,3,InHouse Wellness | Ampsrus | Golden Designs Direct
dyn-6209-01,Dynamic Saunas,DYN-6209-01,"Dynamic ""Santiago"" 2 Person Low EMF FAR IR Sauna",2299.0,3999.0,Infrared,Indoor,2,120V,15A,Standard 120V outlet,Ultra Low,Far Infrared,True,,,,Up to 140°F,,,Canadian Hemlock,310 lbs,,79,https://inhousewellness.com/products/santiago-low-emf-sauna,3,InHouse Wellness | Ampsrus | Golden Designs Direct
dyn-6210-01,Dynamic Saunas,DYN-6210-01,"Luxury Infrared Dynamic Sauna for 2 – Low EMF, Red Light Therapy, Bluetooth Speakers - Venice Edition",2499.0,4699.0,Infrared,Indoor,2,120V,15A,Standard 120V outlet,Low,Far Infrared,True,,,,Up to 140°F,,,Canadian Hemlock,375 lbs,,79,https://inhousewellness.com/products/dynamic-infrared-sauna-venice-edition,3,InHouse Wellness | Ampsrus | Golden Designs Direct
dyn-6210-01-elite,Dynamic Saunas,DYN-6210-01 Elite,Dynamic Saunas DYN-6210-01 Elite Venice 2-Person Ultra Low EMF FAR Infrared Sauna,2699.0,5999.0,Infrared,Indoor,2,120V,15A,Standard 120V outlet,Ultra Low,Far Infrared,True,,,,Up to 140°F,,,Canadian Hemlock,375 lbs,,79,https://inhousewellness.com/products/dynamic-venice-elite,2,InHouse Wellness | Golden Designs Direct
dynamic-llumeneres-sauna,Dynamic Saunas,DYN-6215-03,Dynamic Llumeneres DYN-6215-03 FS Full Spectrum Near Zero EMF 2 Person Sauna,3699.0,7999.0,Infrared,Indoor,2,120V,15A,Standard 120V outlet,Near Zero,Full Spectrum,True,,,,,,,Canadian Hemlock,350 lbs,,79,https://inhousewellness.com/products/dynamic-llumeneres-sauna,2,InHouse Wellness | Golden Designs Direct
dyn-6215-05,Dynamic Saunas,DYN-6215-05,Dynamic Saunas DYN-6215-05 Lucca 2 Person Ultra Low EMF Far Infrared Sauna,2899.0,5999.0,Infrared,Indoor,2,120V,15A,Standard 120V outlet,Ultra Low,Far Infrared,True,,,,,,,Canadian Hemlock,330 lbs,,79,https://inhousewellness.com/products/dynamic-saunas-dyn-6215-05-lucca,2,InHouse Wellness | Golden Designs Direct
dyn-6215-05-elite,Dynamic Saunas,DYN-6215-05 Elite,Dynamic Saunas DYN-6215-05 Elite Lucca 2 Person Ultra Low EMF Far Infrared Sauna,3299.0,6999.0,Infrared,Indoor,2,120V,15A,Standard 120V outlet,Ultra Low,Far Infrared,True,,,,,,,Canadian Hemlock,330 lbs,,79,https://inhousewellness.com/products/dynamic-saunas-dyn-6215-05-elite-lucca,3,InHouse Wellness | Ampsrus | Golden Designs Direct
dyn-6220-01,Dynamic Saunas,DYN-6220-01,"Dynamic ""Vittoria"" 2 Person Low EMF Far IR Sauna (DYN-6220-01)",2699.0,4999.0,Infrared,Indoor,2,120V,15A,Standard 120V outlet,Low,Far Infrared,True,,,,Up to 140°F,,,Canadian Hemlock,330 lbs,,79,https://inhousewellness.com/products/dynamic-saunas-vittoria-dyn-6220-01,2,InHouse Wellness | Golden Designs Direct
dyn-6220-01-elite,Dynamic Saunas,DYN-6220-01 Elite,Dynamic Saunas DYN-6220-01 Elite Vittoria 2 Person Ultra Low EMF Far Infrared Sauna,2899.0,5999.0,Infrared,Indoor,2,120V,15A,Standard 120V outlet,Ultra Low,Far Infrared,True,,,,Up to 140°F,,,Canadian Hemlock,330 lbs,,79,https://inhousewellness.com/products/dynamic-saunas-dyn-6220-01-elite-vittoria,3,InHouse Wellness | Ampsrus | Golden Designs Direct
dyn-6225-02,Dynamic Saunas,DYN-6225-02,"Dynamic Saunas Low EMF Far Infrared Sauna, Heming Edition",2699.0,4999.0,Infrared,Indoor,2,120V,15A,Standard 120V outlet,Ultra Low,Far Infrared,True,,,,Up to 140°F,,,Canadian Hemlock,345 lbs,,79,https://inhousewellness.com/products/dynamic-low-infrared-sauna-heming,3,InHouse Wellness | Ampsrus | Golden Designs Direct
dyn-6225-02-elite,Dynamic Saunas,DYN-6225-02 Elite,Dynamic Heming Elite 2-Person Corner Ultra Low EMF FAR Infrared Sauna,2999.0,5999.0,Infrared,Indoor,2,120V,15A,Standard 120V outlet,Ultra Low,Far Infrared,True,,,,Up to 140°F,,,Canadian Hemlock,345 lbs,,79,https://inhousewellness.com/products/dynamic-saunas-heming,2,InHouse Wellness | Golden Designs Direct
dyn-6229-01,Dynamic Saunas,DYN-6229-01,Dynamic Saunas DYN-6229-01 Serena 2 Person Low EMF Far Infrared Sauna,2299.0,3999.0,Infrared,Indoor,2,120V,15A,Standard 120V outlet,Low,Far Infrared,True,,,,Up to 140°F,,,Canadian Hemlock,310 lbs,,79,https://inhousewellness.com/products/dynamic-saunas-dyn-6229-01-serena,3,InHouse Wellness | Ampsrus | Golden Designs Direct
dyn-6229-03-fs,Dynamic Saunas,DYN-6229-03 FS,Dynamic Saunas DYN-6229-03 FS Serena 2 Person Full Spectrum Infrared Sauna,3299.0,5999.0,Infrared,Indoor,2,120V,15A,Standard 120V outlet,Near Zero,Full Spectrum,True,,,,Up to 140°F,,,Canadian Hemlock,285 lbs,,79,https://inhousewellness.com/products/dynamic-saunas-dyn-6229-03-fs-serena,3,InHouse Wellness | Ampsrus | Golden Designs Direct
dyn-6315-05,Dynamic Saunas,DYN-6315-05,Dynamic Saunas DYN-6315-05 Toscana 3 Person Low EMF Far Infrared Sauna,3299.0,6999.0,Infrared,Indoor,3,120V,20A,Standard 120V outlet,Low,Far Infrared,True,,,,,,,Canadian Hemlock,385 lbs,,79,https://inhousewellness.com/products/dynamic-saunas-dyn-6315-05-toscana,3,InHouse Wellness | Ampsrus | Golden Designs Direct
dyn-6336-02,Dynamic Saunas,DYN-6336-02,"Dynamic ""Lugano"" 3 Person Low EMF FAR Infrared Sauna (DYN-6336-02)",2699.0,5999.0,Infrared,Indoor,3,120V/240V,20A,,Low,Far Infrared,True,,,,Up to 140°F,,,Canadian Hemlock,350 lbs,,71,https://inhousewellness.com/products/dynamic-saunas-lugano-infrared-sauna,3,InHouse Wellness | Ampsrus | Golden Designs Direct
dyn-6336-02-elite,Dynamic Saunas,DYN-6336-02 Elite,"Dynamic Lugano ""Elite"" 3-Person Ultra Low EMF FAR Infrared Sauna – Canadian Hemlock",3499.0,6999.0,Infrared,Indoor,3,120V,20A,,Ultra Low,Far Infrared,True,,,,Up to 140°F,,,Canadian Hemlock,350 lbs,,71,https://inhousewellness.com/products/dynamic-lugano-infrared-sauna,2,InHouse Wellness | Golden Designs Direct
dyn-6440-01,Dynamic Saunas,DYN-6440-01,Dynamic Saunas Low EMF Far Infrared Sauna - Bergamo Edition,3299.0,6999.0,Infrared,Indoor,4,120V,20A,,Low,Far Infrared,True,,,,Up to 140°F,,,Canadian Hemlock,410 lbs,,71,https://inhousewellness.com/products/dynamic-saunas-bergamo,3,InHouse Wellness | Ampsrus | Golden Designs Direct
dyn-6996-01-elite,Dynamic Saunas,DYN-6996-01 Elite,Dynamic Monaco 6-person Ultra Low EMF (Under 3MG) FAR Infrared Sauna,6499.0,8999.0,Infrared,Indoor,6,120V,20A,,Ultra Low,Far Infrared,True,,,,Up to 140°F,,,Canadian Hemlock,750 lbs,,71,https://inhousewellness.com/products/dynamic-saunas-monaco,3,InHouse Wellness | Ampsrus | Golden Designs Direct
gdi-6880-02-elite,Golden Designs Inc,GDI-6880-02 Elite,Golden Designs GDI-6880-02 Elite Catalonia 8 Person Near Zero EMF Far Infrared Sauna,9999.0,14999.0,Infrared,Indoor,8,240V,30A,,Near Zero,Far Infrared,,,,,Up to 140°F,,,Canadian Hemlock,920 lbs,,64,https://inhousewellness.com/products/golden-designs-gdi-6880-02-elite-catalonia,3,InHouse Wellness | Ampsrus | Golden Designs Direct
gdi-6996-01-elite,Golden Designs Inc,GDI-6996-01-Elite,Golden Designs GDI-6996-01 Elite Near Zero EMF 6-Person Far Infrared Sauna,8999.0,11700.0,Infrared,Indoor,6,240V,20A,,Near Zero,Far Infrared,True,,,,Up to 140°F,,,Canadian Hemlock,750 lbs,,71,https://inhousewellness.com/products/gdi-6996-elite-sauna,3,InHouse Wellness | Ampsrus | Golden Designs Direct
gdi-6996-02,Golden Designs Inc,GDI-6996-02,Golden Designs Monaco Limited Edition GDI-6996-02 Near Zero EMF 6-Person FAR Infrared Sauna,6999.0,7999.0,Infrared,Indoor,6,240V,20A,,Near Zero,Full Spectrum,True,,,,Up to 140°F,,,Canadian Hemlock,750 lbs,,71,https://inhousewellness.com/products/golden-designs-monaco-limited,3,InHouse Wellness | Ampsrus | Golden Designs Direct
gdi-7202-01,Golden Designs Inc,GDI-7202-01,"Golden Designs ""Hanko"" 2-3 Person Traditional Sauna",5999.0,7999.0,Traditional,Indoor,3,120V/240V,30A,,,Infrared,True,,Harvia 6KW stove,6 kW,Up to 190°F,,,Canadian Hemlock / Cedar,600 lbs,5-year electronics / 1-year stove,85,https://inhousewellness.com/products/hanko-steam-sauna,4,InHouse Wellness | Ampsrus | Golden Designs Direct | Solaci Home
gdi-7203-01,Golden Designs Inc,GDI-7203-01,"Golden Designs ""Forssa Edition"" 4 Person Traditional Sauna - Canadian Red Cedar Interior",6999.0,8999.0,Traditional,Indoor,4,120V/240V,40A,,,Infrared,True,,,8.0 kW,Up to 190°F,,,Cedar,700 lbs,,69,https://inhousewellness.com/products/golden-designs-forssa-traditional-sauna,3,InHouse Wellness | Ampsrus | Golden Designs Direct
gdi-7206-01,Golden Designs Inc,GDI-7206-01,"Golden Designs ""Kuusamo Edition"" 6-Person Indoor Traditional Sauna - Canadian Red Cedar Interior",8499.0,9999.0,Traditional,Outdoor,6,120V/240V,40A,,,,True,,"Harvia stove provides an authentic steam sauna experience, reaching temperatures up to",8.0 kW,Up to 195°F,,,Canadian Hemlock / Cedar,850 lbs,,77,https://inhousewellness.com/products/kuusamo-6-person-sauna,3,InHouse Wellness | Ampsrus | Golden Designs Direct
gdi-7289-02,Golden Designs Inc,GDI-7289-02,"Golden Designs ""Sundsvall Edition"" 2 Person Traditional Sauna - Canadian Red Cedar Interior and Pacific Premium Clear Cedar Exterior",5999.0,7999.0,Traditional,Outdoor,2,120V/240V,30A,,,Infrared,,,Harvia 6 kW stove,6 kW,Up to 190°F,,,Pacific Cedar,475 lbs,5-year limited warranty,85,https://inhousewellness.com/products/golden-designs-sundsvall,4,InHouse Wellness | Ampsrus | Golden Designs Direct | Solaci Home
gdi-7389-02,Golden Designs Inc,GDI-7389-02,"Golden Designs ""Copenhagen Edition"" 3-Person Traditional Sauna – Canadian Red Cedar & Pacific Premium Clear Cedar",6999.0,8999.0,Traditional,Outdoor,3,120V/240V,40A,,,,,,Harvia traditional electric stove,8 kW,Up to 190°F,,,Pacific Cedar,675 lbs,,77,https://inhousewellness.com/products/golden-designs-copenhagen,3,InHouse Wellness | Ampsrus | Golden Designs Direct
gdi-8003-01,Golden Designs Inc,GDI-8003-01,Golden Designs Arlberg 3 Person Outdoor Sauna 8.0 kW Flat Roof,6999.0,8999.0,Traditional,Outdoor,3,120V/240V,40A,,,,True,,,8.0 kW,Up to 190°F,,,Canadian Hemlock,560 lbs,,69,https://inhousewellness.com/products/golden-designs-arlberg,2,InHouse Wellness | Golden Designs Direct
gdi-8005-01,Golden Designs Inc,GDI-8005-01,Golden Designs Vorarlberg GDI-8005-01 8.0 kW 5 Person Outdoor Sauna,7999.0,9999.0,Infrared,Outdoor,5,120V/240V,40A,,,Infrared,True,,,8.0 kW,Up to 190°F,,,Canadian Hemlock,720 lbs,,64,https://inhousewellness.com/products/vorarlberg-outdoor-sauna,2,InHouse Wellness | Golden Designs Direct
gdi-8010-03,Golden Designs Inc,GDI-8010-03,Golden Designs 1-2-Person Full Spectrum PureTech™ Near Zero EMF FAR Infrared Sauna with Himalayan Salt Bar,3999.0,4999.0,Infrared,Indoor,2,120V,,Standard 120V outlet,Near Zero,Full Spectrum,True,,,,,,,Canadian Hemlock,,,64,https://inhousewellness.com/products/golden-designs-infrared-himalayan,1,InHouse Wellness
gdi-8040-03,Golden Designs Inc,GDI-8040-03,Golden Designs 4-Person Full Spectrum Near Zero EMF FAR Infrared Sauna with Himalayan Salt – Canadian Hemlock,5499.0,7999.0,Infrared,Outdoor,4,120V,20A,,Near Zero,Full Spectrum,True,,,,,,,Canadian Hemlock,,,64,https://inhousewellness.com/products/golden-designs-full-spectrum-sauna,1,InHouse Wellness
gdi-8103-01,Golden Designs Inc,GDI-8103-01,"Golden Designs ""Arlberg"" 3-Person Traditional Outdoor Sauna - Canadian Hemlock",5999.0,7999.0,Traditional,Outdoor,3,120V/240V,40A,,,,True,,"Harvia stove, this traditional outdoor sauna quickly heats up to an optimal 170-185°F,",8.0 kW,Up to 190°F,,,Canadian Hemlock,715 lbs,,77,https://inhousewellness.com/products/arlberg-3-person-sauna,3,InHouse Wellness | Ampsrus | Golden Designs Direct
gdi-8123-01,Golden Designs Inc,GDI-8123-01,Golden Designs Carinthia GDI-8123-01 Outdoor Hybrid Sauna with 8.0 kW Stove (3 Person),6999.0,8999.0,Hybrid,Outdoor,3,240V,40A,,Near Zero,Full Spectrum,True,,,8.0 kW,Up to 190°F,,,Canadian Hemlock,750 lbs,,71,https://inhousewellness.com/products/goldendesigns-carinthia-hybrid-outdoor-sauna,3,InHouse Wellness | Ampsrus | Golden Designs Direct
gdi-8125-01,Golden Designs Inc,GDI-8125-01,Golden Designs Gargellen GDI-8125-01 5-Person Hybrid Outdoor Sauna 8.0 kW,7999.0,9999.0,Hybrid,Outdoor,5,240V,40A,,Near Zero,Full Spectrum,True,,,8.0 kW,Up to 190°F,,,Canadian Hemlock,1075 lbs,,71,https://inhousewellness.com/products/goldendesigns-gargellen-hybrid-outdoor-sauna,3,InHouse Wellness | Ampsrus | Golden Designs Direct
gdi-8202-01,Golden Designs Inc,GDI-8202-01,Golden Designs Narvik 2-Person Indoor/Outdoor Traditional Sauna,11999.0,14999.0,Traditional,Outdoor,2,120V/240V,30A,,,,True,,Narvik 2-Person Indoor/Outdoor Traditional Sauna,6.0 kW,Up to 190°F,,,Cedar,915 lbs,,77,https://inhousewellness.com/products/golden-designs-narvick,3,InHouse Wellness | Ampsrus | Golden Designs Direct
gdi-8203-01,Golden Designs Inc,GDI-8203-01,Golden Designs Drammen 3-Person Outdoor Traditional Sauna - Canadian Red Cedar Interior,13999.0,16999.0,Traditional,Outdoor,3,120V/240V,40A,,,,True,,,8.0 kW,Up to 190°F,,,Cedar,1100 lbs,,69,https://inhousewellness.com/products/golden-designs-drammen,3,InHouse Wellness | Ampsrus | Golden Designs Direct
gdi-8206-01,Golden Designs Inc,GDI-8206-01,Golden Designs Bergen 6-Person Outdoor-Indoor Traditional Sauna,15999.0,18999.0,Traditional,Outdoor,6,120V/240V,40A,,,,True,,"Harvia Sauna Stove', 'indoor sauna', 'Outdoor Sauna']",8 kW,Up to 190°F,,,Cedar,1275 lbs,,77,https://inhousewellness.com/products/golden-designs-6-person-traditional-sauna,3,InHouse Wellness | Ampsrus | Golden Designs Direct
gdi-8222-01,Golden Designs Inc,GDI-8222-01,Golden Designs Nora 2-Person Outdoor Hybrid Sauna – Premium Canadian Hemlock Wood Construction with Carbon Heating Panels,14999.0,18999.0,Hybrid,Outdoor,2,240V,30A,,Low,Infrared,True,,,6.0 kW,Up to 190°F,,,Canadian Hemlock,925 lbs,,71,https://inhousewellness.com/products/golden-designs-nora-hybrid,3,InHouse Wellness | Ampsrus | Golden Designs Direct
gdi-8223-01,Golden Designs Inc,GDI-8223-01,Golden Designs Visby 3 Person Outdoor-Indoor PureTech™ Hybrid Full Spectrum Sauna,16999.0,22999.0,Infrared,Outdoor,3,240V,40A,,Near Zero,Full Spectrum,True,,,8.0 kW,Up to 190°F,,,Cedar,1105 lbs,,71,https://inhousewellness.com/products/goldendesigns-visby-3-person-sauna,3,InHouse Wellness | Ampsrus | Golden Designs Direct
gdi-8230-01,Golden Designs Inc,GDI-8230-01,Golden Designs GDI-8230-01 Full Spectrum Himalayan Salt Bar 3 Person Sauna,5499.0,7999.0,Infrared,Indoor,3,120V,15A,,Near Zero,Full Spectrum,True,,,,Up to 140°F,,,Canadian Hemlock,,,64,https://inhousewellness.com/products/golden-designs-gdi-8230,1,InHouse Wellness
gdi-8260-01,Golden Designs Inc,GDI-8260-01,Golden Designs GDI-8260-01 Full Spectrum Near Zero EMF 6-Person Sauna,7499.0,9999.0,Infrared,Outdoor,6,120V,15A,,Near Zero,Full Spectrum,True,,,,Up to 140°F,,,Canadian Hemlock,,,64,https://inhousewellness.com/products/gdi-8260-full-spectrum,1,InHouse Wellness
gdi-8330-01,Golden Designs Inc,GDI-8330-01,Golden Designs Soria 3-Person Hybrid Sauna – Full Spectrum Infrared & Harvia Stove,7999.0,9999.0,Infrared,Indoor,3,120V/240V,20A,,Near Zero,Full Spectrum,True,,Harvia Stove,6 kW,Up to 140°F,,,Canadian Hemlock,450 lbs,5-year limited warranty,79,https://inhousewellness.com/products/golden-designs-soria-hybrid-sauna,4,InHouse Wellness | Ampsrus | Golden Designs Direct | Solaci Home
gdi-8360-01,Golden Designs Inc,GDI-8360-01,Golden Designs Toledo Per Hybrid Sauna (Indoor). Full Spectrum and Harvia Traditional Stove,9999.0,12999.0,Infrared,Indoor,6,240V,40A,,Near Zero,Full Spectrum,True,,Harvia Traditional Stove,8 kW,Up to 140°F,,,Canadian Hemlock,825 lbs,5-year limited warranty,79,https://inhousewellness.com/products/golden-designs-toledo,4,InHouse Wellness | Ampsrus | Golden Designs Direct | Solaci Home
gdi-8506-01,Golden Designs Inc,GDI-8506-01,Golden Designs Kaarina GDI-8506-01 6 Person Outdoor Traditional Sauna – Canadian Red Cedar,15999.0,18999.0,Traditional,Outdoor,6,120V/240V,40A,,,,,,Harvia electric stove (8,8.0 kW,Up to 190°F,,,Canadian Hemlock / Cedar,1425 lbs,,77,https://inhousewellness.com/products/kaarina-6-person-sauna,3,InHouse Wellness | Ampsrus | Golden Designs Direct
gdi-8526-01,Golden Designs Inc,GDI-8526-01,Golden Designs Kaskinen 6-Person Hybrid Outdoor Sauna – Canadian Red Cedar Interior,18999.0,22999.0,Infrared,Outdoor,6,240V,40A,,Near Zero,Full Spectrum,,,Harvia stove and PureTech™ Full Spectrum infrared heating technology,8.0 kW,Up to 190°F,,,Cedar,1600 lbs,,64,https://inhousewellness.com/products/kaskinen-6-sauna,3,InHouse Wellness | Ampsrus | Golden Designs Direct
gdi-b002-01,Golden Designs Inc,GDI-B002-01,Golden Designs GDI-B002-01 St. Moritz 2 Person Barrel Traditional Sauna 6.0 kW,4999.0,6999.0,Traditional,Outdoor,2,120V/240V,30A,,,Infrared,,,Harvia “WALL” stove,6.0 kW,Up to 190°F,"84"" x 60"" x 84""","78"" x 52"" x 78""",Pacific Cedar,409 lbs,,85,https://inhousewellness.com/products/golden-designs-st-moritz-barrel-sauna,3,InHouse Wellness | Ampsrus | Golden Designs Direct
gdi-b004-01,Golden Designs Inc,GDI-B004-01,"Golden Designs ""Arosa"" 4 Person Barrel Traditional Sauna",5999.0,7999.0,Traditional,Outdoor,4,120V/240V,30A,,Near Zero,Full Spectrum,True,,Harvia 6KW stove,6 kW,Up to 190°F,"84"" x 73"" x 84""","78"" x 65"" x 78""",Pacific Cedar,477 lbs,,85,https://inhousewellness.com/products/arosa-4p-barrel-sauna,3,InHouse Wellness | Ampsrus | Golden Designs Direct
hhs-sau-1p-ir,Heavenly Heat Saunas,HHS-SAU-1P-IR,1-Person Infrared Sauna,6700.0,6700.0,Infrared,Indoor,1,,,,,Far Infrared,,,,,,,,,,,29,,1,Heavenly Heat Saunas
hhs-sau-2p-comb,Heavenly Heat Saunas,HHS-SAU-2P-COMB,2-Person Combination Sauna,11300.0,11300.0,Hybrid,Indoor,2,,,,Ultra Low,Infrared,,,,,,,,,,,29,,1,Heavenly Heat Saunas
hhs-sau-2p-ir,Heavenly Heat Saunas,HHS-SAU-2P-IR,2-Person Infrared Sauna,7400.0,7400.0,Infrared,Indoor,2,,,,,Far Infrared,,,,,,,,,,,29,,1,Heavenly Heat Saunas
hhs-sau-2p-rl-ir,Heavenly Heat Saunas,HHS-SAU-2P-RL-IR,2-Person Red Light & Infrared Sauna,11495.0,11495.0,Infrared,Indoor,2,,,,,Full Spectrum,True,,,,,,,,,,36,,1,Heavenly Heat Saunas
hhs-sau-3p-ir,Heavenly Heat Saunas,HHS-SAU-3P-IR,3-Person Infrared Sauna,10500.0,10500.0,Infrared,Indoor,3,,,,,Far Infrared,,,,,,,,,,,29,,1,Heavenly Heat Saunas
hhs-sau-4p-rl-ir,Heavenly Heat Saunas,HHS-SAU-4P-RL-IR,4-Person Red Light & Infrared Sauna,22200.0,22200.0,Infrared,Indoor,4,,,,Ultra Low,Far Infrared,True,,,,,,,,,,43,,1,Heavenly Heat Saunas
hhs-sau-box-1p-ir,Heavenly Heat Saunas,HHS-SAU-BOX-1P-IR,1-Person Infrared BOX Sauna,4500.0,4500.0,Infrared,Indoor,1,,,,Ultra Low,Far Infrared,,,,,,,,,,,36,,1,Heavenly Heat Saunas
hhs-sau-eco-1p-ir,Heavenly Heat Saunas,HHS-SAU-ECO-1P-IR,1-Person Infrared ECO Sauna,5600.0,5600.0,Infrared,Indoor,1,,,,,Far Infrared,,,,,Up to 165°F,,,,,,29,,1,Heavenly Heat Saunas
kohler-c1-k-38440,Kohler,kohler-c1-k-38440,"Kohler C1 K-38440-0FNC-SPS Two-Person Indoor Sauna, Scandinavian Spruce",17866.67,,Traditional,Indoor,,240V,,,,,,,,4.5 kW,,,,Spruce,,5-year limited warranty,46,https://inhousewellness.com/products/kohler-c1-k-38440,1,InHouse Wellness
kohler-c1-k-39963-0fnc,Kohler,kohler-c1-k-39963-0fnc,"Kohler C1 Two-Person Indoor Sauna, Graphite Grey",18666.67,,Traditional,Indoor,,240V,30A,NEMA6-30P,,,,,,4.5 kW,,,,Spruce,,5-year limited warranty,62,https://inhousewellness.com/products/kohler-c1-k-39963-0fnc,1,InHouse Wellness
mw12,Mande Spa,MW12,MW12 ThermoWood® Outdoor Sauna – 2–3 Person,5939.0,6599.0,Traditional,Outdoor,3,,,,,,,,,,,,,,,,23,https://inhousewellness.com/products/mw12-thermowood-r-outdoor-sauna-2-3-person,1,InHouse Wellness
mw16,Mande Spa,MW16,MW16 ThermoWood® Outdoor Sauna – Spacious 4-Person Retreat,6929.0,7699.0,Traditional,Outdoor,4,,,,,,,,,,,,,,,,23,https://inhousewellness.com/products/mw16-thermowood,1,InHouse Wellness
mw20,Mande Spa,MW20,MW20 ThermoWood® Outdoor Sauna – Spacious Luxury for 5–6 People,8099.0,8999.0,Traditional,Outdoor,6,,,,,,,,,,,,,,,5-year limited warranty,31,https://inhousewellness.com/products/mw20-thermowood,1,InHouse Wellness
mx-j206-01,Maxxus,MX-J206-01,"Maxxus Seattle 2-Person Infrared Sauna – Low EMF, Bluetooth Speakers, Red Light Therapy",2299.0,3699.0,Infrared,Indoor,2,120V,15A,Standard 120V outlet,Low,Far Infrared,True,,,,Up to 140°F,,,Canadian Hemlock,275 lbs,,79,https://inhousewellness.com/products/maxxus-seattle-2-person-sauna,3,InHouse Wellness | Ampsrus | Golden Designs Direct
mx-j206-01-zf,Maxxus,MX-J206-01-ZF,"Maxxus ""Seattle"" 2 Person Near Zero EMF FAR IR Sauna",2699.0,4999.0,Infrared,Indoor,2,120V/240V,15A,Standard 120V outlet,Near Zero,Far Infrared,True,,,,Up to 140°F,,,Canadian Hemlock,275 lbs,,79,https://inhousewellness.com/products/maxxus-seattle-sauna,2,InHouse Wellness | Golden Designs Direct
mx-j206-02s,Maxxus,MX-J206-02S,Golden Designs Maxxus “Aspen” MX-J206-02S 2 Person Low EMF Dual Tech FAR Infrared Sauna – Canadian Hemlock,2699.0,4499.0,Infrared,Indoor,2,120V,15A,Standard 120V outlet,Low,Far Infrared,True,,,,Up to 140°F,,,Canadian Hemlock / Aspen,275 lbs,5-year limited warranty,86,https://inhousewellness.com/products/maxxus-aspen-sauna,3,InHouse Wellness | Ampsrus | Golden Designs Direct
mx-j306-01,Maxxus,MX-J306-01,"Maxxus ""Bellevue"" 3 Person Low EMF FAR Infrared Sauna",2699.0,3999.0,Infrared,Indoor,3,120V,20A,,Low,Far Infrared,True,,,,Up to 140°F,,,Canadian Hemlock,315 lbs,,71,https://inhousewellness.com/products/maxxus-bellevue-3-person-infrared-sauna,2,InHouse Wellness | Golden Designs Direct
mx-j306-01-zf,Maxxus,MX-J306-01-ZF,"Maxxus ""Bellevue"" 3-Person Near Zero EMF FAR Infrared Sauna – Canadian Hemlock",2899.0,5999.0,Infrared,Indoor,3,120V,20A,,Near Zero,Far Infrared,True,,,,Up to 140°F,,,Canadian Hemlock,315 lbs,,71,https://inhousewellness.com/products/maxxus-bellevue-3-person-near-zero-emf-far-infrared-sauna-canadian-hemlock,3,InHouse Wellness | Ampsrus | Golden Designs Direct
mx-j306-02s,Maxxus,MX-J306-02S,"Maxxus ""Alpine"" Dual Tech 3 person Low EMF FAR Infrared Sauna Canadian Hemlock",2999.0,4999.0,Infrared,Indoor,3,120V/240V,20A,,Low,Far Infrared,True,,,,Up to 140°F,,,Canadian Hemlock,300 lbs,,71,https://inhousewellness.com/products/maxxus-alpine,3,InHouse Wellness | Ampsrus | Golden Designs Direct
mx-k206-01,Maxxus,MX-K206-01,Maxxus Low EMF FAR Infrared Sauna – Canadian Hemlock – 2-Person Capacity,2699.0,4499.0,Infrared,Indoor,2,120V,15A,Standard 120V outlet,Low,Far Infrared,True,,,,Up to 140°F,,,Canadian Hemlock,250 lbs,,79,https://inhousewellness.com/products/maxxus-2-person-sauna-hemlock,3,InHouse Wellness | Ampsrus | Golden Designs Direct
mx-k206-01-zf,Maxxus,MX-K206-01-ZF,Maxxus FAR Infrared Sauna Hemlock Wood,3099.0,5499.0,Infrared,Indoor,2,120V,15A,Standard 120V outlet,Near Zero,Far Infrared,True,,,,Up to 140°F,,,Canadian Hemlock,250 lbs,,79,https://inhousewellness.com/products/maxxus-mx-k206-01-zf,3,InHouse Wellness | Ampsrus | Golden Designs Direct
mx-k306-01,Maxxus,MX-K306-01,"Maxxus Low EMF FAR Infrared Sauna - 3-Person Capacity, Canadian Hemlock",2999.0,4999.0,Infrared,Indoor,3,240V,20A,,Low,Far Infrared,True,,,,Up to 140°F,,,Canadian Hemlock,320 lbs,,71,https://inhousewellness.com/products/maxxus-3-person-sauna-hemlock,3,InHouse Wellness | Ampsrus | Golden Designs Direct
mx-k306-01-ced,Maxxus,MX-K306-01 CED,Maxxus 3-Person Low EMF FAR Infrared Sauna - Canadian Red Cedar | Maxxus Sauna,4299.0,6499.0,Infrared,Indoor,3,,,,Low,Far Infrared,True,,,,,,,Cedar,,,50,https://inhousewellness.com/products/maxxus-3-person-infrared-sauna,3,InHouse Wellness | Ampsrus | Golden Designs Direct
mx-k306-01-zf,Maxxus,MX-K306-01-ZF,Maxxus MX-K306-01-ZF HEM Near Zero EMF Far Infrared Sauna 3 Person,3699.0,5999.0,Infrared,Indoor,3,120V,20A,,Near Zero,Far Infrared,True,,,,Up to 140°F,,,Canadian Hemlock,320 lbs,,71,https://inhousewellness.com/products/maxxus-mx-k306-sauna,3,InHouse Wellness | Ampsrus | Golden Designs Direct
mx-k306-01-zf-ced,Maxxus,MX-K306-01-ZF CED,Maxxus 3-Person Near Zero EMF FAR Infrared Sauna – Canadian Red Cedar,4699.0,6999.0,Infrared,Indoor,3,120V/240V,20A,,Near Zero,Far Infrared,True,,,,Up to 140°F,,,Canadian Hemlock / Cedar,310 lbs,,71,https://inhousewellness.com/products/maxxus-3-person-infrared-sauna-near-zero,2,InHouse Wellness | Golden Designs Direct
mx-k356-01,Maxxus,MX-K356-01,Maxxus Ultra Low EMF (Under 2MG) FAR Infrared Sauna – Canadian Hemlock,3299.0,5499.0,Infrared,Indoor,3,120V,20A,,Near Zero,Far Infrared,True,,,,Up to 140°F,,,Canadian Hemlock,390 lbs,,71,https://inhousewellness.com/products/maxxus-3-person-sauna-hemlock-ultralow,2,InHouse Wellness | Golden Designs Direct
mx-k356-01-ced,Maxxus,MX-K356-01 CED,Maxxus 3-Person Corner Low EMF FAR Infrared Sauna – Canadian Red Cedar,4499.0,6999.0,Infrared,Indoor,3,120V,20A,,Low,Far Infrared,,,,,,,,Canadian Hemlock / Cedar,,,57,https://inhousewellness.com/products/maxxus-3-person-sauna-hemlock-1,1,InHouse Wellness
mx-k356-01-zf,Maxxus,MX-K356-01-ZF,Maxxus MX-K356-01-ZF HEM 3-Person Corner Near Zero EMF Far Infrared Sauna,3899.0,6499.0,Infrared,Indoor,3,120V/240V,20A,,Near Zero,Far Infrared,True,,,2.2 kW,Up to 140°F,,,Canadian Hemlock,390 lbs,,71,https://inhousewellness.com/products/maxxus-mx-k356-corner-sauna,3,InHouse Wellness | Ampsrus | Golden Designs Direct
mx-k356-01-zf-ced,Maxxus,MX-K356-01-ZF CED,Maxxus 3-Person Corner Near Zero EMF FAR Infrared Sauna – Canadian Hemlock,4899.0,7999.0,Infrared,Indoor,3,120V,20A,,Near Zero,Far Infrared,True,,,,Up to 140°F,,,Canadian Hemlock,370 lbs,5-year limited warranty,79,https://inhousewellness.com/products/maxxus-3-person-corner-sauna-hemlock,2,InHouse Wellness | Golden Designs Direct
mx-k406-01,Maxxus,MX-K406-01,Maxxus 4-Person Low EMF FAR Infrared Sauna – Canadian Hemlock,3699.0,5999.0,Infrared,Indoor,4,120V/240V,20A,,Low,Far Infrared,True,,,,Up to 140°F,,,Canadian Hemlock,,,64,https://inhousewellness.com/products/maxxus-4-person-sauna-hemlock,1,InHouse Wellness
mx-k406-01-ced,Maxxus,MX-K406-01 CED,"Maxxus MX-K406-01 CED 4-Person Low EMF FAR Infrared Sauna, Canadian Red Cedar",4699.0,7999.0,Infrared,Indoor,4,120V/240V,20A,,Low,Far Infrared,True,,,,Up to 140°F,,,Cedar,400 lbs,,71,https://inhousewellness.com/products/maxxus-4-person-sauna-cedar,3,InHouse Wellness | Ampsrus | Golden Designs Direct
mx-k406-01-zf-ced,Maxxus,MX-K406-01-ZF CED,Maxxus Chaumont Near Zero EMF Infrared Sauna 4-Person,5499.0,8999.0,Infrared,Indoor,4,120V/240V,20A,,Near Zero,Far Infrared,True,,,,Up to 140°F,,,Cedar,390 lbs,,71,https://inhousewellness.com/products/maxxus-chaumont-edition-far-infrared-sauna-corner-unit-4-person-low-emf-red-cedar,3,InHouse Wellness | Ampsrus | Golden Designs Direct
mx-k406-01-zf-hem,Maxxus,MX-K406-01-ZF HEM,Maxxus MX-K406-01-ZF HEM 4-Person Near Zero EMF FAR IR Sauna 2.1 kW,6999.0,9100.0,Infrared,Indoor,4,120V,20A,,Near Zero,Far Infrared,True,,,2.1 kW,Up to 140°F,,,Canadian Hemlock,400 lbs,,71,https://inhousewellness.com/products/maxxus-mx-k406-sauna,3,InHouse Wellness | Ampsrus | Golden Designs Direct
mx-m206-01-fs-ced,Maxxus,MX-M206-01-FS CED,Maxxus 2-Person Full Spectrum Near Zero EMF FAR Infrared Sauna – Canadian Red Cedar,4299.0,6499.0,Infrared,Indoor,2,120V,15A,Standard 120V outlet,Near Zero,Full Spectrum,True,,,,Up to 140°F,,,Cedar,250 lbs,,79,https://inhousewellness.com/products/maxxus-2-person-sauna-full-spectrum,3,InHouse Wellness | Ampsrus | Golden Designs Direct
mx-m306-01-fs-ced,Maxxus,MX-M306-01-FS CED,Maxxus 3-Person Full Spectrum Near Zero EMF FAR Infrared Sauna – Canadian Red Cedar,4899.0,7999.0,Infrared,Indoor,3,120V,20A,,Near Zero,Full Spectrum,True,,,,Up to 140°F,,,Cedar,310 lbs,,71,https://inhousewellness.com/products/maxxus-3-person-sauna-full-spectrum,3,InHouse Wellness | Ampsrus | Golden Designs Direct
mx-m356-01-fs,Maxxus,MX-M356-01-FS,"Maxxus MX-M356-01-FS Full Spectrum FAR Infrared Sauna – 3 Person, Hemlock",5299.0,8499.0,Infrared,Indoor,3,120V,20A,Standard 120V outlet,Low,Full Spectrum,True,,,,Up to 140°F,,,Canadian Hemlock / Cedar,380 lbs,,79,https://inhousewellness.com/products/maxxus-mx-m356-01-fs-ced,3,InHouse Wellness | Ampsrus | Golden Designs Direct
mx-s106-01,Maxxus,MX-S106-01,Maxxus MX-S106-01 S-Line 1-Person Low EMF FAR Infrared Sauna w/ Red Light & Bluetooth,2299.0,3999.0,Infrared,Indoor,1,120V,15A,Standard 120V outlet,Low,Far Infrared,True,,,,Up to 140°F,,,Canadian Hemlock,250 lbs,,79,https://inhousewellness.com/products/maxxus-mx-s106-01,3,InHouse Wellness | Ampsrus | Golden Designs Direct
mx-s206-01,Maxxus,MX-S206-01,Maxxus S Line MX-S206-01 2 Person Low EMF Far Infrared Sauna,2899.0,5999.0,Infrared,Indoor,2,120V,15A,Standard 120V outlet,Ultra Low,Far Infrared,True,,,,Up to 140°F,,,Canadian Hemlock,330 lbs,,79,https://inhousewellness.com/products/maxxus-s-line-mx-s206-01,3,InHouse Wellness | Ampsrus | Golden Designs Direct
mx-s206-01-elite,Maxxus,MX-S206-01-ELITE,Maxxus MX-S206-01 ELITE Ultra Low EMF FAR Infrared Sauna 2 Person,6999.0,9100.0,Infrared,Outdoor,2,120V,15A,Standard 120V outlet,Ultra Low,Far Infrared,True,,,,Up to 140°F,,,Canadian Hemlock,,,71,https://inhousewellness.com/products/maxxus-s206-elite-sauna,1,InHouse Wellness
mx-s306-01-elite,Maxxus,MX-S306-01-ELITE,Maxxus MX-S306-01 ELITE Ultra Low EMF Far Infrared Sauna (3-Person),7999.0,10400.0,Infrared,Indoor,3,120V/240V,20A,,Ultra Low,Far Infrared,True,,,,Up to 140°F,,,Canadian Hemlock,385 lbs,,71,https://inhousewellness.com/products/maxxus-sline-elite-sauna,3,InHouse Wellness | Ampsrus | Golden Designs Direct
medical-sauna-traditional5,Medical Saunas,medical-sauna-traditional5,Traditional 5™ 2-Person Sauna - Steam Heat with 3D Therapy™,7799.0,14999.0,Traditional,Indoor,2,220V/240V,30A,,,,,,,,Up to 194°F,,,Canadian Hemlock,,,54,https://inhousewellness.com/products/medical-sauna-traditional5,1,InHouse Wellness
medical-sauna-traditional6,Medical Saunas,medical-sauna-traditional6,"Traditional 6 Steam Sauna - 3 Person Capacity, Canadian Hemlock, Rapid Heating",8799.0,18999.0,Traditional,Indoor,3,220V/240V,30A,,,,,,,,,,,Canadian Hemlock,,,46,https://inhousewellness.com/products/medical-sauna-traditional6,1,InHouse Wellness
medical-sauna-traditional7,Medical Saunas,medical-sauna-traditional7,Traditional 7™ Sauna | 4-Person Hemlock Sauna with Rapid Heating,10799.0,22999.0,Traditional,Indoor,4,220V,30A,,,,,,,,Up to 194°F,,,Canadian Hemlock,,,54,https://inhousewellness.com/products/medical-sauna-traditional7,1,InHouse Wellness
medical-sauna-traditional8,Medical Saunas,medical-sauna-traditional8,Traditional 8 Plus Steam Sauna - 4-6 Person Luxury Hemlock Sauna,13649.0,28999.0,Traditional,Indoor,6,220V/240V,50A,,,,,,,,,,,Canadian Hemlock,,,46,https://inhousewellness.com/products/medical-sauna-traditional8,1,InHouse Wellness
sn-abu-h8k002f,Redwood Outdoors,SN-ABU-H8K002F,Grove Outdoor Sauna - 8 Person,11699.0,,Traditional,Outdoor,8,,,,,,,,Harvia Fenix for better sauna control,9 kW,,,,Canadian Hemlock,,,46,,1,Redwood Outdoors
sn-bbu-h6k001n,Redwood Outdoors,SN-BBU-H6K001N,Barrel Outdoor Sauna - 6 Person,6299.0,,Traditional,Outdoor,6,,,,,,,,Harvia KIP,6 kW,,,,Canadian Hemlock,,,46,,1,Redwood Outdoors
sn-bbu-h8k001f,Redwood Outdoors,SN-BBU-H8K001F,Barrel Outdoor Sauna - 8 Person,6899.0,,Traditional,Outdoor,8,,,,,,,,Harvia KIP,8 kW,,,,Canadian Hemlock,,,46,,1,Redwood Outdoors
sn-bnu-h6k001f,Redwood Outdoors,SN-BNU-H6K001F,Horizon Outdoor Sauna - 6 Person w/ Porch,7599.0,,Traditional,Outdoor,6,,,,,,,,Harvia KIP,6 kW,,,,,,,38,,1,Redwood Outdoors
sn-bpu-h6k001f,Redwood Outdoors,SN-BPU-H6K001F,Barrel Outdoor Sauna w/ Porch - 6 Person,6999.0,,Traditional,Outdoor,6,,,,,,,,Harvia KIP,6 kW,,,,Canadian Hemlock,,,46,,1,Redwood Outdoors
sn-bpu-h6k001n,Redwood Outdoors,SN-BPU-H6K001N,Barrel Outdoor Sauna w/ Porch - 6 Person,6999.0,,Traditional,Outdoor,6,,,,,,,,Harvia KIP,6 kW,,,,,,,38,,1,Redwood Outdoors
sn-bwu-h6k001f,Redwood Outdoors,SN-BWU-H6K001F,Vista Outdoor Sauna - 6 Person,6899.0,,Traditional,Outdoor,6,,,,,,,,Harvia KIP,6 kW,,,,,,,38,,1,Redwood Outdoors
sn-cbk-h8k001f,Redwood Outdoors,SN-CBK-H8K001F,Noctra Outdoor Sauna - 8 Person,9499.0,,Traditional,Outdoor,8,,,,,,,,"Harvia KIP, with upgrades available",8 kW,,,,,,,38,,1,Redwood Outdoors
sn-cbu-h3k003f,Redwood Outdoors,SN-CBU-H3K003F,Cove Outdoor Sauna - 3 Person,7399.0,,Traditional,Outdoor,3,,,,,,,,"Harvia KIP heater, with upgrades available",6 kW,,,,,,,38,,1,Redwood Outdoors
sn-cbu-h4k003f,Redwood Outdoors,SN-CBU-H4K003F,Cabin Outdoor Sauna - 4 Person,7299.0,,Traditional,Outdoor,4,,,,,,,,Harvia KIP,6 kW,,,,,,,38,,1,Redwood Outdoors
sn-cbu-h8k003f,Redwood Outdoors,SN-CBU-H8K003F,Garden Outdoor Sauna - 8 Person,8699.0,,Traditional,Outdoor,8,,,,,,,,Harvia KIP,8 kW,,,,Canadian Hemlock,,,46,,1,Redwood Outdoors
sn-ebu-h6k002f,Redwood Outdoors,SN-EBU-H6K002F,Extra-Wide Outdoor Barrel Sauna - 6 Person,8299.0,,Traditional,Outdoor,6,,,,,,,,Harvia KIP,6 kW,,,,Canadian Hemlock,,,46,,1,Redwood Outdoors
sn-epu-h6k001f,Redwood Outdoors,SN-EPU-H6K001F,Extra-Wide Outdoor Barrel Sauna w/ Porch - 6 Person,8499.0,,Traditional,Outdoor,6,,,,,,,,"Harvia KIP heater & Harvia KIP Guard, with upgrades available",6 kW,,,,Canadian Hemlock,,,46,,1,Redwood Outdoors
sn-ibu-h2k001f,Redwood Outdoors,SN-IBU-H2K001F,Alcove Indoor Sauna - 2 Person,4299.0,,Traditional,Outdoor,2,,,,,,,,"Harvia KIP, with upgrades available",8 kW,Up to 194°F,,,,,,46,,1,Redwood Outdoors
sn-ibu-h3k002f,Redwood Outdoors,SN-IBU-H3K002F,Haven Indoor Sauna - 3 Person,5499.0,,Traditional,Outdoor,3,,,,,,,,"Harvia KIP heater, with upgrades available",6 kW,,,,,,,38,,1,Redwood Outdoors
sn-ibu-h4k001f,Redwood Outdoors,SN-IBU-H4K001F,Retreat Indoor Sauna - 4 Person,5499.0,,Traditional,Outdoor,4,,,,,,,,Harvia KIP heater (with the option to upgrade),6 kW,,,,,,,38,,1,Redwood Outdoors
sn-qbu-h2k002f,Redwood Outdoors,SN-QBU-H2K002F,Duo Outdoor Sauna - 2 Person,5899.0,,Traditional,Outdoor,2,,,,,,,,Harvia KIP Heater with upgrade options available,6 kW,,,,,,,38,,1,Redwood Outdoors
sn-qbu-h6k002f,Redwood Outdoors,SN-QBU-H6K002F,Summit Outdoor Sauna - 6 Person,7999.0,,Traditional,Outdoor,6,,,,,,,,Harvia KIP,6 kW,,,,Canadian Hemlock,,,46,,1,Redwood Outdoors
rip-soi,Ripavi,RIP-SOI,Ripavi Sointu Finnish Outdoor Sauna – Luxury 8-Person Sauna with Shower & Skylight,49900.0,68000.0,Traditional,Outdoor,8,,,,,,,,,,,,,Spruce,,,31,https://inhousewellness.com/products/ripavi-sointu-traditional-outdoor,1,InHouse Wellness
rip-tau,Ripavi,RIP-TAU,"Ripavi Tauko Premium Finnish Sauna – Traditional Wood-Burning or Electric Heater, Luxurious and Sustainable Design",36900.0,44000.0,Traditional,Outdoor,4,,,,,,,,,,,,,Spruce,,,31,https://inhousewellness.com/products/ripavi-tauko-finish-sauna,1,InHouse Wellness
san01m001,Salus Saunas,SAN01M001,Nordic II Traditional Outdoor Barrel Sauna - 3 Person,7895.0,,Traditional,Outdoor,3,,,,,,,,,,,,,,,,23,,1,Salus Saunas
san01m001f,Salus Saunas,SAN01M001F,Nordic II Front Glass Traditional Outdoor Barrel Sauna - 3 Person,8745.0,,Traditional,Outdoor,3,,,,,,,,,,,,,,,,23,,1,Salus Saunas
san01m002,Salus Saunas,SAN01M002,Nordic King Traditional Outdoor Barrel Sauna - 4 Person,10495.0,,Traditional,Outdoor,4,,,,,,,,,,,,,,,,23,,1,Salus Saunas
san01m002f,Salus Saunas,SAN01M002F,Nordic King Front Glass Traditional Outdoor Barrel Sauna - 4 Person,12495.0,,Traditional,Outdoor,4,,,,,,,,,,,,,,,,23,,1,Salus Saunas
san01m003,Salus Saunas,SAN01M003,Grand Nordic Traditional Outdoor Barrel Sauna - 6 Person,13495.0,,Traditional,Outdoor,6,,,,,,,,,,,,,,,,23,,1,Salus Saunas
san01m003f,Salus Saunas,SAN01M003F,Grand Nordic Front Glass Traditional Outdoor Barrel Sauna - 6 Person,14495.0,,Traditional,Outdoor,6,,,,,,,,,,,,,,,,23,,1,Salus Saunas
san01m005,Salus Saunas,SAN01M005,Stellar Traditional Outdoor Barrel Sauna - 6 Person,19495.0,,Traditional,Outdoor,6,,,,,,,,,,,,,,,,23,,1,Salus Saunas
san01m005r,Salus Saunas,SAN01M005R,Stellar With Relax Room Traditional Outdoor Barrel Sauna - 6 Person,20695.0,,Traditional,Outdoor,6,,,,,,,,,,,,,,,,23,,1,Salus Saunas
san01m008,Salus Saunas,SAN01M008,Horizon Traditional Outdoor Barrel Sauna - 6 Person,13995.0,,Traditional,Outdoor,6,,,,,,,,,,,,,,,,23,,1,Salus Saunas
san02m001,Salus Saunas,SAN02M001,Ally Traditional Indoor Sauna - 2 Person,6995.0,,Traditional,Indoor,2,,,,,,,,,,,,,,,,23,,1,Salus Saunas
san02m002,Salus Saunas,SAN02M002,Ally King Traditional Indoor Sauna - 3 Person,7995.0,,Traditional,Indoor,3,,,,,,,,,,,,,,,,23,,1,Salus Saunas
san02m003,Salus Saunas,SAN02M003,Grand Ally Traditional Indoor Sauna - 6 Person,8899.0,,Traditional,Indoor,6,,,,,,,,,,,,,,,,23,,1,Salus Saunas
san02m004,Salus Saunas,SAN02M004,Heavenly Traditional Indoor Sauna - 2 Person,6995.0,,Traditional,Indoor,2,,,,,,True,,,,,,,,,,23,,1,Salus Saunas
san02m005,Salus Saunas,SAN02M005,Fierce Traditional Indoor Sauna - 3 Person,7995.0,,Traditional,Indoor,3,,,,,,True,,,,,,,,,,23,,1,Salus Saunas
san02m006,Salus Saunas,SAN02M006,Charisma Traditional Indoor Sauna - 6 Person,8999.0,,Traditional,Indoor,6,,,,,,True,,,,,,,,,,23,,1,Salus Saunas
san02m013,Salus Saunas,SAN02M013,Renew II Traditional Indoor/Outdoor Sauna - 2 Person,12649.0,,Traditional,Outdoor,2,,,,,,,,,,,,,,,,23,,1,Salus Saunas
san02m014,Salus Saunas,SAN02M014,Relieve Traditional Indoor Sauna - 3 Person,7495.0,,Traditional,Indoor,3,,,,,,,,,,,,,,,,23,,1,Salus Saunas
san02m015,Salus Saunas,SAN02M015,Restore Traditional Indoor Sauna - 6 Person,6495.0,8995.0,Traditional,Indoor,6,,,,,,,,,,,,,,,,23,,1,Salus Saunas
san02m016,Salus Saunas,SAN02M016,Revive II Traditional Indoor/Outdoor Sauna - 3 Person,14449.0,,Traditional,Outdoor,3,,,,,,,,,,,,,,,,23,,1,Salus Saunas
san02m017,Salus Saunas,SAN02M017,Aspire II Traditional Indoor/Outdoor Sauna - 6 Person,16499.0,,Traditional,Outdoor,6,,,,,,,,,,,,,,,,23,,1,Salus Saunas
san03m001,Salus Saunas,SAN03M001,Glamour Far Infrared Indoor Sauna - 1 Person,5195.0,,Infrared,Indoor,1,,,,,Far Infrared,,,,,,,,,,,29,,1,Salus Saunas
san03m002,Salus Saunas,SAN03M002,Laurel Far Infrared Indoor Sauna - 1 Person,5195.0,,Infrared,Indoor,1,,,,,Far Infrared,,,,,,,,,,,29,,1,Salus Saunas
san03m005,Salus Saunas,SAN03M005,Laurel King Far Infrared Indoor Sauna - 2 Person,6295.0,,Infrared,Indoor,2,,,,,Far Infrared,,,,,,,,,,,29,,1,Salus Saunas
san03m006,Salus Saunas,SAN03M006,Paramount Far Infrared Indoor Sauna - 2 Person,5295.0,6295.0,Infrared,Indoor,2,,,,,Far Infrared,,,,,,,,,,,29,,1,Salus Saunas
san03m008,Salus Saunas,SAN03M008,Grand Laurel Far Infrared Indoor Sauna - 3 Person,7245.0,,Infrared,Indoor,3,,,,,Far Infrared,,,,,,,,,,,29,,1,Salus Saunas
san03m011,Salus Saunas,SAN03M011,Elite Far Infrared Indoor Sauna - 6 Person,7995.0,,Infrared,Indoor,6,,,,,Far Infrared,,,,,,,,,,,29,,1,Salus Saunas
san03m012,Salus Saunas,SAN03M012,Majestic Far Infrared Indoor Sauna - 8 Person,9995.0,,Infrared,Indoor,8,,,,,Far Infrared,,,,,,,,,,,29,,1,Salus Saunas
san03m014,Salus Saunas,SAN03M014,Nirvana Far Infrared Indoor Sauna - 2 Person,3795.0,,Infrared,Indoor,2,,,,,Far Infrared,,,,,,,,,,,29,,1,Salus Saunas
san03m015,Salus Saunas,SAN03M015,Prana Far Infrared Indoor Sauna - 2 Person,2995.0,,Infrared,Indoor,2,,,,,Far Infrared,,,,,,,,,,,29,,1,Salus Saunas
san03m016,Salus Saunas,SAN03M016,Novalis Far Infrared Indoor Sauna - 2 Person,3195.0,,Infrared,Indoor,2,,,,,Far Infrared,,,,,,,,,,,29,,1,Salus Saunas
san03m017,Salus Saunas,SAN03M017,Luxen Far Infrared Indoor Sauna - 4 Person,4695.0,,Infrared,Indoor,4,,,,,Far Infrared,,,,,,,,,,,29,,1,Salus Saunas
san04m002,Salus Saunas,SAN04M002,Element Full Spectrum Infrared Indoor Sauna - 2 Person,4995.0,,Infrared,Indoor,2,,,,,Full Spectrum,,,,,,,,,,,29,,1,Salus Saunas
san04m003,Salus Saunas,SAN04M003,Element King Full Spectrum Infrared Indoor Sauna - 3 Person,5895.0,,Infrared,Indoor,3,,,,,Full Spectrum,,,,,,,,,,,29,,1,Salus Saunas
san04m005,Salus Saunas,SAN04M005,Grand Element Full Spectrum Infrared Indoor Sauna - 4 Person,6895.0,,Infrared,Indoor,4,,,,,Full Spectrum,,,,,,,,,,,29,,1,Salus Saunas
san04m006,Salus Saunas,SAN04M006,Ascend Full Spectrum Infrared Indoor Sauna - 2 Person,5295.0,,Infrared,Indoor,2,,,,,Full Spectrum,,,,,,,,,,,29,,1,Salus Saunas
san04m007,Salus Saunas,SAN04M007,Affinity Full Spectrum Infrared Indoor Sauna - 3 Person,5995.0,,Infrared,Indoor,3,,,,,Full Spectrum,,,,,,,,,,,29,,1,Salus Saunas
san04m009,Salus Saunas,SAN04M009,Reprieve Full Spectrum Infrared Indoor Sauna - 2 Person,4995.0,,Infrared,Indoor,2,,,,,Full Spectrum,,,,,,,,,,,29,,1,Salus Saunas
san04m010,Salus Saunas,SAN04M010,Uplift Full Spectrum Infrared Indoor Sauna - 3 Person,5495.0,,Infrared,Indoor,3,,,,,Full Spectrum,,,,,,,,,,,29,,1,Salus Saunas
san04m014,Salus Saunas,SAN04M014,Grand Retreat Full Spectrum Infrared Indoor Sauna - 6 Person,7499.0,,Infrared,Indoor,6,,,,Near Zero,Full Spectrum,True,,,,,,,Canadian Hemlock,,,50,,1,Salus Saunas
san05m001,Salus Saunas,SAN05M001,Serenity Hybrid Indoor Sauna - 3 Person,8995.0,,Traditional,Indoor,3,,,,,,,,,,,,,,,,23,,1,Salus Saunas
san05m002,Salus Saunas,SAN05M002,Harmony Hybrid Indoor Sauna - 6 Person,10995.0,,Traditional,Indoor,6,,,,,,,,,,,,,,,,23,,1,Salus Saunas
san06m001,Salus Saunas,SAN06M001,Renew Hybrid Outdoor Sauna - 2 Person,15649.0,,Traditional,Outdoor,2,,,,,,,,,,,,,,,,23,,1,Salus Saunas
san06m003,Salus Saunas,SAN06M003,Renew King Hybrid Outdoor Sauna - 3 Person,17799.0,,Traditional,Outdoor,3,,,,,,,,,,,,,,,,23,,1,Salus Saunas
san06m004,Salus Saunas,SAN06M004,Grand Renew Hybrid Outdoor Sauna - 6 Person,19899.0,,Traditional,Outdoor,6,,,,,,,,,,,,,,,,23,,1,Salus Saunas
san06m005,Salus Saunas,SAN06M005,Elevation Hybrid Outdoor Sauna - 6 Person,16449.0,19949.0,Hybrid,Outdoor,6,,,,,Full Spectrum,,,,,,,,,,,24,,1,Salus Saunas
san07m001,Salus Saunas,SAN07M001,Tuscany Traditional Outdoor Luxury Sauna - 4 Person,15445.0,,Traditional,Outdoor,4,,,,,,,,,,,,,,,,23,,1,Salus Saunas
san07m002,Salus Saunas,SAN07M002,Florence Relax Traditional Outdoor Luxury Sauna - 6 Person,20845.0,,Traditional,Outdoor,6,,,,,,,,,,,,,,,,23,,1,Salus Saunas
san07m003,Salus Saunas,SAN07M003,Vienna Single Traditional Outdoor Luxury Sauna - 8 Person,21845.0,,Traditional,Outdoor,8,,,,,,,,Huum Hive Mini Heater),,,,,,,,31,,1,Salus Saunas
san07m004,Salus Saunas,SAN07M004,Santorini Double Traditional Outdoor Luxury Sauna - 5 Person,19295.0,,Traditional,Outdoor,5,,,,,,,,Huum Hive Mini Heater),,,,,,,,31,,1,Salus Saunas
san07m005,Salus Saunas,SAN07M005,Flora Traditional Outdoor Luxury Sauna - 3 Person,14595.0,,Traditional,Outdoor,3,,,,,,,,,,,,,,,,23,,1,Salus Saunas
san08m001-2,Salus Saunas,SAN08M001-2,Monarch II Traditional Outdoor Sauna - 3 Person,9995.0,,Traditional,Outdoor,3,,,,,,,,,,,,,,,,23,,1,Salus Saunas
san08m002,Salus Saunas,SAN08M002,Monarch King Traditional Outdoor Sauna - 4 Person,10595.0,,Traditional,Outdoor,4,,,,,,,,,,,,,,,,23,,1,Salus Saunas
san08m003-2,Salus Saunas,SAN08M003-2,Grand Monarch II Traditional Outdoor Sauna - 6 Person,15995.0,,Traditional,Outdoor,6,,,,,,,,,,,,,,,,23,,1,Salus Saunas
san08m007,Salus Saunas,SAN08M007,Governor Traditional Outdoor Sauna - 3 Person,8395.0,,Traditional,Outdoor,3,,,,,,,,,,,,,,,,23,,1,Salus Saunas
san08m007f,Salus Saunas,SAN08M007F,Governor Front Glass Traditional Outdoor Sauna - 3 Person,8895.0,,Traditional,Outdoor,3,,,,,,,,,,,,,,,,23,,1,Salus Saunas
san08m008,Salus Saunas,SAN08M008,Governor King Traditional Outdoor Sauna - 4 Person,9495.0,,Traditional,Outdoor,4,,,,,,,,,,,,,,,,23,,1,Salus Saunas
san08m008f,Salus Saunas,SAN08M008F,Governor King Front Glass Traditional Outdoor Sauna - 4 Person,9995.0,,Traditional,Outdoor,4,,,,,,,,,,,,,,,,23,,1,Salus Saunas
san08m009,Salus Saunas,SAN08M009,Grand Governor Traditional Outdoor Sauna - 6 Person,13095.0,,Traditional,Outdoor,6,,,,,,,,,,,,,,,,23,,1,Salus Saunas
san08m009f,Salus Saunas,SAN08M009F,Grand Governor Front Glass Traditional Outdoor Sauna - 6 Person,14095.0,,Traditional,Outdoor,6,,,,,,,,,,,,,,,,23,,1,Salus Saunas
san08m010,Salus Saunas,SAN08M010,Governor Mini Traditional Outdoor Sauna - 2 Person,7495.0,,Traditional,Outdoor,2,,,,,,,,,,,,,,,,23,,1,Salus Saunas
san08m010f,Salus Saunas,SAN08M010F,Governor Mini Front Glass Traditional Outdoor Sauna - 2 Person,7995.0,,Traditional,Outdoor,2,,,,,,,,,,,,,,,,23,,1,Salus Saunas
san08m011,Salus Saunas,SAN08M011,Solis Traditional Outdoor Sauna - 3 Person,10499.0,13999.0,Traditional,Outdoor,3,,,,,,,,,,,,,,,,23,,1,Salus Saunas
san08m012,Salus Saunas,SAN08M012,Solara Traditional Outdoor Sauna - 6 Person,12499.0,15999.0,Traditional,Outdoor,6,,,,,,,,,,,,,,,,23,,1,Salus Saunas
san09m001,Salus Saunas,SAN09M001,Panorama Glass Traditional Outdoor Luxury Sauna - 4 Person,17995.0,,Traditional,Outdoor,4,,,,,,,,,,,,,,,,23,,1,Salus Saunas
san09m002l,Salus Saunas,SAN09M002L,Deluxe Panorama Glass Traditional Outdoor Luxury Sauna - 6 Person,19995.0,,Traditional,Outdoor,6,,,,,,,,,,,,,,,,23,,1,Salus Saunas
sl-cl3g,SaunaLife,SL-CL3G,SaunaLife Model CL3G 2-Person Outdoor Cube Sauna Kit with Glass Front,4940.0,5208.0,Traditional,Outdoor,2,120V,,,,,,,"on/off, temperature, up to 12 hours delayed start, and up to 12-hour timed shut off",4.5 kW,Up to 200°F,,,Thermo-Spruce / Thermo-Aspen,,Limited lifetime warranty,69,https://inhousewellness.com/products/saunalife-cl3g,2,InHouse Wellness | Solaci Home
sl-modele8g,SaunaLife,SL-MODELE8G,SaunaLife Model E8G Outdoor Barrel Sauna with Glass Front,7940.0,8734.0,Traditional,Outdoor,6,,,,,,,,,,,,,Thermo-Spruce / Thermo-Aspen,,Limited lifetime warranty,38,https://inhousewellness.com/products/saunalife-e8g,1,InHouse Wellness
sl-modelee6g,SaunaLife,SL-MODELEE6G,SaunaLife Ergo Elegance Outdoor Sauna Barrel with Full Glass Front – Seats 4,6940.0,7634.0,Traditional,Outdoor,,,,,,,,,,,,,,Thermo-Spruce / Thermo-Aspen,,,23,https://inhousewellness.com/products/saunalife-ee6g,1,InHouse Wellness
sl-modelee8g,SaunaLife,SL-MODELEE8G,"SaunaLife Ergo Elegance Series | Glass Front | 79""L x 91""D | 6-Person Outdoor Sauna",8140.0,8954.0,Traditional,Outdoor,6,,,,,,,,,,,79 in length x 91 in diameter,71 in length x 87 in diameter,Thermo-Aspen,1763 lbs,Limited lifetime warranty,54,https://inhousewellness.com/products/saunalife-ee8g,1,InHouse Wellness
sl-modelg11,SaunaLife,SL-MODELG11,SaunaLife Model G11 Garden-Series Outdoor Home Sauna – 2-Room Layout for Up to 8 People,16980.0,18678.0,Traditional,Outdoor,8,,,,,Full Spectrum,,,,,,,,Thermo-Spruce / Thermo-Aspen,,,31,https://inhousewellness.com/products/saunalife-g11,1,InHouse Wellness
sl-modelg3,SaunaLife,SL-MODELG3,SaunaLife Model G3 Outdoor Home Sauna Kit,7940.0,9528.0,Traditional,Outdoor,4,,1.2A,,,,,,,,,,,Thermo-Spruce / Thermo-Aspen,,Limited lifetime warranty,46,https://inhousewellness.com/products/saunalife-g3,2,InHouse Wellness | Solaci Home
sl-modelg6-l-1,SaunaLife,SL-MODELG6-L-1,SaunaLife Model G6 Pre-Assembled Outdoor Home Sauna – 5 Person,26890.0,29579.0,Traditional,Outdoor,5,,,,,,,,,,,,,Spruce,,,31,https://inhousewellness.com/products/saunalife-g6,1,InHouse Wellness
bs64-t,Scandia,BS64-T,Scandia Electric Barrel Sauna Kit – Traditional Sauna,9450.0,12285.0,Traditional,Outdoor,6,220V,,NEMA10-30R,,,,,Scandia Electric Barrel Sauna Kit – Traditional Sauna,9.0 kW,Up to 180°F,,,Cedar,,5-year limited warranty,77,https://inhousewellness.com/products/scandia-electric-barrel-sauna-kit-6x4x6,2,InHouse Wellness | Solaci Home
bs65-t,Scandia,BS65-T,Scandia Electric Barrel Sauna Kit – 4-Person Traditional Sauna for Home,10800.0,14040.0,Traditional,Outdoor,4,,,,,Full Spectrum,,,Scandia Electric Barrel Sauna Kit – 4-Person Traditional Sauna for Home,,,,,Cedar,,,38,https://inhousewellness.com/products/scandia-electric-barrel-sauna-kit,1,InHouse Wellness
bs66-t,Scandia,BS66-T,Scandia Electric Barrel Sauna Kit – 4-Person Traditional Sauna for Home,12100.0,15730.0,Traditional,Outdoor,4,,,,,,,,Scandia Electric Barrel Sauna Kit – 4-Person Traditional Sauna for Home,,,,,Cedar,,,38,https://inhousewellness.com/products/scandia-electric-barrel-sauna-kit-4-person,1,InHouse Wellness
bs67-t,Scandia,BS67-T,Scandia 4-Person Barrel Sauna Kit – Traditional Electric Sauna for Home Wellness & Relaxation,12900.0,16770.0,Traditional,Outdoor,4,,,,,,,,Scandia 4-Person Barrel Sauna Kit – Traditional Electric Sauna for Home Wellness & Rela,,,,,Cedar,,,38,https://inhousewellness.com/products/scandia-4-person-barrel-sauna-kit,1,InHouse Wellness
bs68-t,Scandia,BS68-T,Scandia Barrel Sauna – 4-Person Traditional Sauna for Home Relaxation & Wellness,13500.0,17550.0,Traditional,Outdoor,4,,,,,Full Spectrum,,,Scandia Barrel Sauna – 4-Person Traditional Sauna for Home Relaxation & Wellness,,,,,Cedar,,,38,https://inhousewellness.com/products/scandia-barrel-sauna-4-person,1,InHouse Wellness
precut-diy-3x4-ultra,Scandia,PRECUT-DIY-3X4-ULTRA,Scandia Electric DIY PreCut Sauna Room Kit PRECUT-DIY-3X4-ULTRA,9500.0,12350.0,Traditional,Indoor,3,,,,,,,,Scandia Electric DIY PreCut Sauna Room Kit PRECUT-DIY-3X4-ULTRA,,,,,Cedar,,,38,https://inhousewellness.com/products/pre-cut-hand-finished-sauna-kit-1-3-person,1,InHouse Wellness
precut-diy-4x7-ultra,Scandia,PRECUT-DIY-4X7-ULTRA,Scandia Electric DIY PreCut Sauna Room Kit PRECUT-DIY-4X7-ULTRA,10080.0,13104.0,Traditional,Indoor,8,,,,,,,,Scandia Electric DIY PreCut Sauna Room Kit PRECUT-DIY-4X7-ULTRA,,,,,Cedar,,,38,https://inhousewellness.com/products/hand-finished-precut-sauna-kit,1,InHouse Wellness
precut-diy-8x9-ultra,Scandia,PRECUT-DIY-8X9-ULTRA,Scandia Electric DIY PreCut Sauna Room Kit PRECUT-DIY-8X9-ULTRA,13800.0,17940.0,Traditional,Indoor,,,,,,,,,Scandia Electric DIY PreCut Sauna Room Kit PRECUT-DIY-8X9-ULTRA,,,,,Cedar,,,31,https://inhousewellness.com/products/hand-finished-sauna-kit-8-plus-people,1,InHouse Wellness
eclipse2,Sun Home Saunas,ECLIPSE2,Sun Home Eclipse™ 2-Person Indoor Red Light & Full-Spectrum Infrared Sauna,9999.0,10599.0,Infrared,Indoor,2,120V,,,Ultra Low,Full Spectrum,True,,,,Up to 165°F,,,Canadian Hemlock,,,57,,1,Sun Home Saunas
eclipse4,Sun Home Saunas,ECLIPSE4,Sun Home Eclipse™ 4-Person Indoor Red Light & Full-Spectrum Infrared Sauna,12999.0,13599.0,Infrared,Indoor,4,240V,,,Ultra Low,Full Spectrum,True,,,,,,,Canadian Hemlock,,,57,,1,Sun Home Saunas
equinox2,Sun Home Saunas,EQUINOX2,Sun Home Equinox™ 2-Person Indoor Full-Spectrum Infrared Sauna,6099.0,6799.0,Infrared,Indoor,2,,,,,Full Spectrum,True,,,,,,,,,,36,,1,Sun Home Saunas
equinox3,Sun Home Saunas,EQUINOX3,Sun Home Equinox™ 3-Person Indoor Full-Spectrum Infrared Sauna,6999.0,7699.0,Infrared,Outdoor,3,,,,,Full Spectrum,True,,,,,,,,,,36,,1,Sun Home Saunas
luminar2,Sun Home Saunas,LUMINAR2,Sun Home Luminar™ 2-Person Outdoor Full-Spectrum Infrared Sauna,10999.0,11599.0,Infrared,Outdoor,2,240V,20A,,Ultra Low,Full Spectrum,True,,,,Up to 170°F,,,Cedar,,Limited lifetime warranty,71,,1,Sun Home Saunas
luminar5,Sun Home Saunas,LUMINAR5,Sun Home Luminar™ 5-Person Outdoor Full-Spectrum Infrared Sauna,13899.0,14499.0,Infrared,Outdoor,5,,,,,Full Spectrum,,,,,,,,Cedar,,,36,,1,Sun Home Saunas
nova3,Sun Home Saunas,NOVA3,Sun Home Nova™ 3-Person Indoor Traditional Sauna,11999.0,12499.0,Traditional,Indoor,3,,,,,,,,"huum-heater', 'indoor-traditional', 'nova', 'pill_1_blue_indoor', 'preorder', 'STOP",6 kW,,,,Cedar,,,46,,1,Sun Home Saunas
nova6,Sun Home Saunas,NOVA6,Sun Home Nova™ 6-Person Indoor Traditional Sauna,15799.0,16399.0,Traditional,Indoor,6,,,,,,,,"huum-heater', 'indoor-traditional', 'nova', 'pill_1_blue_indoor', 'preorder', 'STOP",7.5 kW,,,,Cedar,,,46,,1,Sun Home Saunas
shpod1h,Sun Home Saunas,SHPOD1H,Sun Home Pod™ 1-Person Indoor Red Light & Infrared Sauna,6599.0,6699.0,Infrared,Indoor,1,,,,,Infrared,True,,,,,,,,,,36,,1,Sun Home Saunas
solarismedium,Sun Home Saunas,SOLARISMEDIUM,Sun Home Solaris™ 6-Person Outdoor Custom Traditional Sauna,45399.0,46199.0,Traditional,Outdoor,6,,,,,,,,,,,,,,,,23,,1,Sun Home Saunas
solarissmall,Sun Home Saunas,SOLARISSMALL,Sun Home Solaris™ 4-Person Outdoor Custom Traditional Sauna,36399.0,37199.0,Traditional,Outdoor,4,,,,,,,,,,,,,,,,23,,1,Sun Home Saunas
solstice1,Sun Home Saunas,SOLSTICE1,Sun Home Solstice™ 1-Person Indoor Infrared Sauna,4999.0,5599.0,Infrared,Outdoor,1,,,,Ultra Low,Far Infrared,True,,,,,,,Cedar,,,50,,1,Sun Home Saunas
solstice2,Sun Home Saunas,SOLSTICE2,Sun Home Solstice™ 2-Person Indoor Infrared Sauna,5599.0,6199.0,Infrared,Outdoor,2,,,,Ultra Low,Far Infrared,True,,,,,,,Cedar,,,50,,1,Sun Home Saunas
solstice3,Sun Home Saunas,SOLSTICE3,Sun Home Solstice™ 3-Person Indoor Infrared Sauna,6299.0,6999.0,Infrared,Outdoor,3,,,,Ultra Low,Far Infrared,True,,,,,,,Cedar,,,50,,1,Sun Home Saunas
solstice4,Sun Home Saunas,SOLSTICE4,Sun Home Solstice™ 4-Person Indoor Infrared Sauna,7799.0,8599.0,Infrared,Outdoor,4,,,,Ultra Low,Far Infrared,True,,,,,,,Cedar,,,50,,1,Sun Home Saunas
