Country,Clicks,Impressions,CTR,Position
United States,389,51333,0.76%,12.76
Canada,28,2640,1.06%,9.44
United Kingdom,19,3200,0.59%,8.37
Germany,12,1473,0.81%,8.62
Australia,11,1409,0.78%,9.96
Netherlands,5,785,0.64%,6.42
Philippines,5,730,0.68%,21.55
India,4,1931,0.21%,20.59
France,4,946,0.42%,19.3
Finland,4,269,1.49%,6.45
Mexico,3,380,0.79%,15.34
Japan,3,369,0.81%,7.31
Ireland,3,363,0.83%,7.1
Indonesia,3,338,0.89%,26.96
Denmark,3,268,1.12%,5.81
Israel,3,153,1.96%,5.69
Switzerland,3,149,2.01%,5.94
Nigeria,3,107,2.8%,5.57
Sweden,2,348,0.57%,6.11
South Africa,2,306,0.65%,5.9
Spain,2,306,0.65%,9.8
Norway,2,256,0.78%,5.62
Greece,2,244,0.82%,5.07
Thailand,2,195,1.03%,22.34
Kenya,2,92,2.17%,5.82
Slovenia,2,65,3.08%,4.49
Hong Kong,1,799,0.13%,27.63
Italy,1,414,0.24%,6.99
Turkey,1,349,0.29%,22.28
Malaysia,1,316,0.32%,16.08
Pakistan,1,300,0.33%,6.75
Singapore,1,245,0.41%,5.75
Vietnam,1,224,0.45%,33.09
South Korea,1,215,0.47%,5.54
Egypt,1,206,0.49%,5.71
New Zealand,1,204,0.49%,7.35
Austria,1,179,0.56%,6.58
China,1,109,0.92%,7.71
Hungary,1,108,0.93%,5.94
Taiwan,1,103,0.97%,8.95
Lebanon,1,83,1.2%,4.46
Serbia,1,73,1.37%,4.97
Venezuela,1,47,2.13%,5.13
Iceland,1,44,2.27%,6.7
Latvia,1,41,2.44%,5
Kosovo,1,36,2.78%,4.72
Malta,1,36,2.78%,4.92
Tunisia,1,35,2.86%,5.63
Costa Rica,1,32,3.12%,6.94
Macedonia,1,29,3.45%,4.97
Armenia,1,22,4.55%,5.73
Congo - Kinshasa,1,11,9.09%,6
United Arab Emirates,0,559,0%,9.49
Myanmar (Burma),0,528,0%,31.31
Iraq,0,471,0%,27.17
Poland,0,318,0%,7.88
Brazil,0,294,0%,8.34
Belgium,0,253,0%,5.47
Romania,0,223,0%,5.66
Bangladesh,0,187,0%,23.17
Russia,0,173,0%,13.57
Ukraine,0,153,0%,15.06
Argentina,0,127,0%,7.09
Bulgaria,0,125,0%,5.66
Iran,0,122,0%,7.81
Saudi Arabia,0,118,0%,14.45
Lithuania,0,113,0%,6.8
Morocco,0,111,0%,16.76
Estonia,0,104,0%,5.57
Czechia,0,104,0%,6.61
Portugal,0,94,0%,7.05
Croatia,0,88,0%,4.47
Sri Lanka,0,77,0%,5.21
Colombia,0,75,0%,6.81
Peru,0,66,0%,7.59
Slovakia,0,65,0%,5.97
Jordan,0,57,0%,18.68
Algeria,0,56,0%,22.55
Albania,0,52,0%,5.54
Nepal,0,49,0%,5.8
Ecuador,0,48,0%,4.27
Jamaica,0,48,0%,4.85
Cyprus,0,48,0%,5.15
Georgia,0,47,0%,5.38
Puerto Rico,0,45,0%,6.29
Qatar,0,41,0%,4.44
Azerbaijan,0,39,0%,5.95
Uganda,0,37,0%,6.05
Chile,0,37,0%,8.43
Kuwait,0,36,0%,4.03
Bosnia & Herzegovina,0,36,0%,7.53
Dominican Republic,0,35,0%,6.97
Trinidad & Tobago,0,31,0%,4.68
Ghana,0,29,0%,6.48
Panama,0,28,0%,8.25
Ethiopia,0,27,0%,6.3
Bolivia,0,25,0%,4.76
Zimbabwe,0,24,0%,3.54
Guatemala,0,22,0%,4.91
Mongolia,0,22,0%,5.23
Syria,0,22,0%,6.23
Moldova,0,22,0%,10.18
Maldives,0,21,0%,3.62
Belarus,0,20,0%,7.25
Mauritius,0,19,0%,4.68
Tanzania,0,19,0%,4.68
Zambia,0,19,0%,5.37
Kazakhstan,0,19,0%,5.53
Bahrain,0,18,0%,3.28
Uzbekistan,0,18,0%,4.89
Uruguay,0,18,0%,6.11
Oman,0,18,0%,6.5
Cambodia,0,17,0%,5
El Salvador,0,15,0%,4.47
Papua New Guinea,0,14,0%,6
Guam,0,13,0%,5.38
Suriname,0,13,0%,5.46
Nicaragua,0,13,0%,5.62
Montenegro,0,13,0%,6.69
Botswana,0,11,0%,4.64
Namibia,0,11,0%,6.64
Mozambique,0,10,0%,5.5
Palestine,0,10,0%,6.5
Paraguay,0,10,0%,7.5
Guyana,0,9,0%,2.78
Luxembourg,0,9,0%,3.89
Fiji,0,9,0%,4.56
Cameroon,0,9,0%,4.89
Senegal,0,9,0%,6.33
Honduras,0,9,0%,6.67
Brunei,0,9,0%,7.11
Aruba,0,9,0%,7.78
Barbados,0,8,0%,3.5
Bahamas,0,8,0%,6.25
Rwanda,0,8,0%,12.25
Laos,0,7,0%,6.29
Somalia,0,7,0%,9
Malawi,0,7,0%,9.43
Bhutan,0,6,0%,4.33
Turkmenistan,0,6,0%,5.17
Afghanistan,0,6,0%,5.33
U.S. Virgin Islands,0,6,0%,5.33
Kyrgyzstan,0,6,0%,6.17
Libya,0,6,0%,7.5
Antigua & Barbuda,0,5,0%,2.4
Cayman Islands,0,5,0%,2.8
Macau,0,5,0%,5.2
Faroe Islands,0,5,0%,5.4
Jersey,0,5,0%,6.2
Greenland,0,5,0%,7
Sudan,0,4,0%,4.5
St. Vincent & Grenadines,0,4,0%,6.25
St. Lucia,0,3,0%,7.33
Isle of Man,0,3,0%,7.67
Belize,0,3,0%,8.67
Guernsey,0,3,0%,9
Burkina Faso,0,3,0%,9.67
Angola,0,3,0%,20.33
French Polynesia,0,2,0%,2
Solomon Islands,0,2,0%,3
Madagascar,0,2,0%,4.5
Gambia,0,2,0%,5
South Sudan,0,2,0%,6
Swaziland,0,2,0%,7
Cape Verde,0,2,0%,7.5
Curaçao,0,2,0%,8.5
Grenada,0,2,0%,9
Marshall Islands,0,2,0%,9
Yemen,0,2,0%,11
Andorra,0,2,0%,12
Bermuda,0,1,0%,1
Congo - Brazzaville,0,1,0%,1
Gibraltar,0,1,0%,3
Turks & Caicos Islands,0,1,0%,3
Åland Islands,0,1,0%,4
Vanuatu,0,1,0%,4
Dominica,0,1,0%,5
Unknown Region,0,1,0%,5
Mauritania,0,1,0%,6
Sierra Leone,0,1,0%,6
Northern Mariana Islands,0,1,0%,7
Réunion,0,1,0%,7
Guadeloupe,0,1,0%,8
Norfolk Island,0,1,0%,8
Haiti,0,1,0%,9
Djibouti,0,1,0%,10
Lesotho,0,1,0%,10
Cuba,0,1,0%,11
Liechtenstein,0,1,0%,12