Top pages,Clicks,Impressions,CTR,Position
https://inhousewellness.com/blogs/saunas/arcadia-barrel-sauna-guide,112,5103,2.19%,6.56
https://inhousewellness.com/blogs/saunas/what-is-a-german-sauna,97,23587,0.41%,6.24
https://inhousewellness.com/blogs/cold-plunge/lifetrend-cold-plunge-review,86,6856,1.25%,6.99
https://inhousewellness.com/blogs/saunas/costco-sauna-guide-worth-it,69,7379,0.94%,8.38
https://inhousewellness.com/blogs/saunas/homedics-premium-steam-sauna-review,23,2097,1.1%,8.52
https://inhousewellness.com/blogs/saunas/dynamic-saunas-review,19,2237,0.85%,8.3
https://inhousewellness.com/blogs/saunas/santiago-2-person-ultra-low-emf-sauna-review,11,1601,0.69%,9.09
https://inhousewellness.com/,11,672,1.64%,31.85
https://inhousewellness.com/blogs/saunas/nurecover-tropic-home-sauna-review,10,2570,0.39%,9.69
https://inhousewellness.com/blogs/saunas/sisu-sauna-review,9,1304,0.69%,8.92
https://inhousewellness.com/blogs/saunas/red-light-therapy-sauna-guide,7,1007,0.7%,11.11
https://inhousewellness.com/blogs/saunas/heavenly-heat-sauna-review,6,2049,0.29%,9.46
https://inhousewellness.com/products/barrel-sauna-black-roof-separate,4,229,1.75%,13.93
https://inhousewellness.com/blogs/saunas/low-emf-vs-near-zero-emf-infrared-sauna-guide,3,1559,0.19%,13.42
https://inhousewellness.com/blogs/saunas/best-2-person-sauna-buyers-guide,3,1350,0.22%,11.15
https://inhousewellness.com/blogs/saunas/dynamic-barcelona-sauna-review,3,364,0.82%,11.51
https://inhousewellness.com/products/commercial-489-plus-medical-sauna,3,138,2.17%,16.28
https://inhousewellness.com/blogs/fire/top-fire-pits-outdoor-meditation,3,104,2.88%,15.1
https://inhousewellness.com/products/scandia-heater-natural-gas-40k,3,82,3.66%,21.95
https://inhousewellness.com/blogs/saunas/downdraft-sauna-ventilation-design-patterns,3,46,6.52%,8.65
https://inhousewellness.com/products/dynamic-cold-therapy-chiller-dct-sv-10do3,3,32,9.38%,8.16
https://inhousewellness.com/blogs/news/best-6-person-sauna,2,477,0.42%,33.27
https://inhousewellness.com/blogs/wellness/sauna-vs-cold-plunge-vs-red-light-therapy,2,469,0.43%,12.92
https://inhousewellness.com/blogs/saunas/finnmark-designs-saunas,2,349,0.57%,13.82
https://inhousewellness.com/blogs/cold-plunge/best-inflatable-cold-plunge-tubs,2,341,0.59%,19.65
https://inhousewellness.com/blogs/saunas/sunray-roslyn-vs-almost-heaven-madison-which-indoor-sauna-is-right-for-you,2,315,0.63%,9.32
https://inhousewellness.com/blogs/saunas/finnmark-fd4-vs-almost-heaven-audra,2,181,1.1%,12.91
https://inhousewellness.com/blogs/cold-plunge/dreampod-ice-bath-flex-review,2,110,1.82%,8.02
https://inhousewellness.com/products/barrel-sauna-black-asphalt-full,2,104,1.92%,12.88
https://inhousewellness.com/products/finnmark-fd-2,2,95,2.11%,23.02
https://inhousewellness.com/products/ripavi-sointu-traditional-outdoor,2,34,5.88%,7.97
https://inhousewellness.com/collections/ripavi,2,14,14.29%,5.14
https://inhousewellness.com/products/dynamic-venice-elite-2-person-ultra-low-emf-sauna,2,3,66.67%,2.33
https://inhousewellness.com/blogs/saunas/arcadia-barrel-sauna-guide#price,1,1353,0.07%,6.01
https://inhousewellness.com/blogs/saunas/arcadia-barrel-sauna-guide#verdict,1,454,0.22%,6.28
https://inhousewellness.com/blogs/saunas/best-infrared-sauna-muscle-recovery,1,452,0.22%,12.96
https://inhousewellness.com/blogs/saunas/home-sauna-steam-room-lifetime-operating-costs,1,425,0.24%,11.32
https://inhousewellness.com/blogs/cold-plunge/polar-monkeys-cold-plunge-review,1,347,0.29%,13.76
https://inhousewellness.com/blogs/cold-plunge/best-outdoor-cold-plunge-tubs,1,338,0.3%,34.28
https://inhousewellness.com/products/cedar-duckboard-sauna-flooring,1,173,0.58%,19.29
https://inhousewellness.com/blogs/wellness/benefits-of-massage-chairs-for-seniors,1,135,0.74%,11.78
https://inhousewellness.com/blogs/saunas/sauna-wood-species-wet-heat-durability-off-gassing-maintenance,1,117,0.85%,10.62
https://inhousewellness.com/collections/red-light-therapy,1,111,0.9%,36.51
https://inhousewellness.com/products/white-glove-delivery-service,1,99,1.01%,39.73
https://inhousewellness.com/blogs/saunas/dynamic-venice-sauna-review,1,87,1.15%,10.9
https://inhousewellness.com/collections/outdoor-saunas,1,77,1.3%,25.13
https://inhousewellness.com/collections/infrared-saunas,1,73,1.37%,51.97
https://inhousewellness.com/pages/featured-experts-consultants,1,70,1.43%,7.89
https://inhousewellness.com/products/dynamic-saunas-dyn-6119-03-fs-gracia,1,58,1.72%,16.22
https://inhousewellness.com/products/finnmark-fd-4,1,58,1.72%,32.93
https://inhousewellness.com/products/helios-hm8000-massage-chair,1,52,1.92%,6.92
https://inhousewellness.com/products/cal-aura-red-light-duotherapy,1,27,3.7%,6.22
https://inhousewellness.com/products/scandia-40k-btu-liquid-propane,1,27,3.7%,23.81
https://inhousewellness.com/products/maxxus-seattle-2-person-sauna,1,27,3.7%,32.07
https://inhousewellness.com/products/la-jolla-q-pv7000-outdoor-kitchen-island,1,24,4.17%,24.42
https://inhousewellness.com/products/organic-sauna-wood-oil-1-gallon,1,22,4.55%,9.86
https://inhousewellness.com/products/maxxus-aspen-sauna,1,19,5.26%,11.58
https://inhousewellness.com/products/saunalife-s4n,1,15,6.67%,25.33
https://inhousewellness.com/products/medical-sauna-traditional5,1,12,8.33%,23.92
https://inhousewellness.com/products/broilmaster-rotisserie-kit-for-32-inch-grill-bsamr32,1,9,11.11%,6.11
https://inhousewellness.com/products/scandia-electric-sauna-heater-18kw,1,8,12.5%,5.62
https://inhousewellness.com/products/dundalk-leisurecraft-hot-tub-roll-up-over,1,7,14.29%,4.14
https://inhousewellness.com/products/dynamic-cold-therapy-dct-sv-08do3-chiller-heater-wifi,1,7,14.29%,5.43
https://inhousewellness.com/products/dynamic-llumeneres-sauna,1,6,16.67%,6
https://inhousewellness.com/products/harvia-36-duo-stove,1,6,16.67%,7.5
https://inhousewellness.com/products/harvia-hrkgu1224c-sauna-heater,1,3,33.33%,3.67
"https://inhousewellness.com/products/maxxus-seattle-2-person-sauna?currency=USD&country=US&variant=42952802566211&utm_source=google&utm_medium=cpc&utm_campaign=Google 
Shopping&stkn=eeef2d5381d0",1,2,50%,1.5
https://inhousewellness.com/products/maxxus-2-person-sauna-full-spectrum,1,2,50%,5.5
https://inhousewellness.com/products/frozen-5-cold-plunge,1,1,100%,1
https://inhousewellness.com/blogs/saunas/what-is-a-german-sauna#aufguss,0,1718,0%,7.73
https://inhousewellness.com/blogs/saunas/what-is-a-german-sauna#unique,0,1716,0%,7.69
https://inhousewellness.com/blogs/saunas/what-is-a-german-sauna#types,0,1592,0%,6.92
https://inhousewellness.com/blogs/saunas/arcadia-barrel-sauna-guide#specs,0,1503,0%,5.99
https://inhousewellness.com/blogs/saunas/what-is-a-german-sauna#rules,0,1495,0%,7.71
https://inhousewellness.com/blogs/saunas/what-is-a-german-sauna#cost,0,1400,0%,7.78
https://inhousewellness.com/blogs/saunas/arcadia-barrel-sauna-guide#alternatives,0,1392,0%,5.96
https://inhousewellness.com/blogs/saunas/what-is-a-german-sauna#glossary,0,1374,0%,7.71
https://inhousewellness.com/blogs/saunas/arcadia-barrel-sauna-guide#duet,0,1298,0%,6.01
https://inhousewellness.com/blogs/saunas/arcadia-barrel-sauna-guide#owners,0,1278,0%,6.02
https://inhousewellness.com/blogs/saunas/arcadia-barrel-sauna-guide#proscons,0,1144,0%,6.05
https://inhousewellness.com/products/finnmark-fd-1,0,1071,0%,29.31
https://inhousewellness.com/blogs/saunas/what-is-a-german-sauna#packing,0,1061,0%,7.97
https://inhousewellness.com/blogs/saunas/what-is-a-german-sauna#places,0,1025,0%,7.09
https://inhousewellness.com/blogs/wellness/science-of-temperature-therapy-routines,0,767,0%,18.67
https://inhousewellness.com/blogs/saunas/arcadia-barrel-sauna-guide#size,0,739,0%,5.91
https://inhousewellness.com/products/harvia-legend-150-ss,0,662,0%,26.72
https://inhousewellness.com/products/ct-georgian-cabin-sauna,0,641,0%,28.42
https://inhousewellness.com/products/harvia-pro-20-ss-pkg-24-1kw-wood-sauna-stove-package,0,496,0%,62.32
https://inhousewellness.com/products/harvia-pro-20-ss-wh-pkg-24kw-wood-sauna-stove-package,0,413,0%,55.12
https://inhousewellness.com/blogs/institute/firepit-safety,0,411,0%,12.68
https://inhousewellness.com/blogs/cold-plunge/how-long-should-i-cold-plunge,0,390,0%,9.41
https://inhousewellness.com/products/harvia-pro20,0,384,0%,56.96
https://inhousewellness.com/products/himalayan-salt-wall-panels,0,360,0%,41.23
https://inhousewellness.com/blogs/saunas/what-is-a-german-sauna#nudity,0,297,0%,10.22
https://inhousewellness.com/blogs/saunas/dynamic-saunas-review#by-buyer,0,289,0%,9.53
https://inhousewellness.com/products/harvia-pro-20-ss-wh-pkg-wood-burning-sauna-stove-package-24-kw,0,286,0%,70.73
https://inhousewellness.com/blogs/saunas/dynamic-saunas-review#does-well,0,284,0%,9.51
https://inhousewellness.com/blogs/cold-plunge/cold-plunge-temperature,0,276,0%,60.78
https://inhousewellness.com/collections/huum-sauna-heaters,0,264,0%,58.36
https://inhousewellness.com/collections/harvia-sauna-heaters,0,259,0%,51.24
https://inhousewellness.com/blogs/saunas/dynamic-saunas-review#far-vs-full,0,256,0%,9.47
https://inhousewellness.com/products/products-v2-float-pod-premium-isolation-tank,0,250,0%,28.22
https://inhousewellness.com/blogs/saunas/indoor-vs-outdoor-sauna-guide,0,242,0%,17.85
https://inhousewellness.com/blogs/cold-plunge/lifetrend-cold-plunge-review#alternatives,0,239,0%,5.89
https://inhousewellness.com/blogs/saunas/dynamic-saunas-review#comparison,0,230,0%,9.63
https://inhousewellness.com/blogs/cold-plunge/lifetrend-cold-plunge-review#specs,0,224,0%,5.86
https://inhousewellness.com/products/commercial-488-medical-sauna,0,217,0%,48.24
https://inhousewellness.com/collections/floatation-therapy-tanks,0,209,0%,55.11
https://inhousewellness.com/blogs/saunas/dynamic-saunas-review#emf,0,196,0%,9.67
https://inhousewellness.com/collections/scandia-manufacturing,0,189,0%,23.39
https://inhousewellness.com/blogs/saunas/homedics-premium-steam-sauna-review#specs,0,184,0%,9.41
https://inhousewellness.com/blogs/saunas/homedics-premium-steam-sauna-review#setup,0,178,0%,9.42
https://inhousewellness.com/blogs/saunas/homedics-premium-steam-sauna-review#vs,0,178,0%,9.44
https://inhousewellness.com/collections/ultra-low-emf,0,175,0%,47.11
https://inhousewellness.com/blogs/cold-plunge/lifetrend-cold-plunge-review#contrast,0,172,0%,5.7
https://inhousewellness.com/blogs/saunas/maxxus-saunas-review-buyers-guide,0,165,0%,9.25
https://inhousewellness.com/blogs/saunas/dynamic-saunas-review#prices,0,162,0%,9.65
https://inhousewellness.com/blogs/cold-plunge/cold-plunge-benefits-brown-fat-activation,0,160,0%,17.51
https://inhousewellness.com/blogs/saunas/dynamic-saunas-review#heat,0,156,0%,9.68
https://inhousewellness.com/collections/finnmark-designs,0,150,0%,56.97
https://inhousewellness.com/blogs/saunas/homedics-premium-steam-sauna-review#heat,0,141,0%,9.72
https://inhousewellness.com/blogs/saunas/benefits-of-cold-plunge-and-sauna,0,137,0%,9.56
https://inhousewellness.com/blogs/saunas/homedics-premium-steam-sauna-review#who,0,136,0%,9.76
https://inhousewellness.com/blogs/saunas/homedics-premium-steam-sauna-review#mold,0,135,0%,9.79
https://inhousewellness.com/blogs/saunas/homedics-premium-steam-sauna-review#proscons,0,135,0%,9.79
https://inhousewellness.com/blogs/cold-plunge/lifetrend-cold-plunge-review#seventhings,0,131,0%,6.08
https://inhousewellness.com/collections/cozy-heat,0,129,0%,28.87
https://inhousewellness.com/collections/dynamic-saunas,0,127,0%,43.87
https://inhousewellness.com/blogs/cold-plunge/lifetrend-cold-plunge-review#like,0,125,0%,6.03
https://inhousewellness.com/collections/leisurecraft,0,123,0%,49.67
https://inhousewellness.com/blogs/fire/bbq-grilling-for-nutrient-preservation,0,120,0%,12.23
https://inhousewellness.com/collections/saunas,0,120,0%,37.23
https://inhousewellness.com/products/leisurecraft-luna,0,120,0%,60.73
https://inhousewellness.com/collections/maxxus,0,118,0%,36.75
https://inhousewellness.com/products/dynamic-cardoba-2-infrared-sauna,0,110,0%,19.23
https://inhousewellness.com/blogs/cold-plunge/lifetrend-cold-plunge-review#ownership,0,109,0%,6.05
https://inhousewellness.com/blogs/saunas/santiago-2-person-ultra-low-emf-sauna-review#what,0,104,0%,9.75
https://inhousewellness.com/blogs/saunas/sauna-benefits-detoxification,0,101,0%,15.12
https://inhousewellness.com/products/harvia-legend-150,0,99,0%,26.58
https://inhousewellness.com/products/dreampod-sport-float,0,98,0%,29.67
https://inhousewellness.com/blogs/saunas/santiago-2-person-ultra-low-emf-sauna-review#specs,0,96,0%,9.75
https://inhousewellness.com/blogs/saunas/sauna-autophagy,0,93,0%,7.24
https://inhousewellness.com/blogs/wellness/recovery-ladder-sleep-nutrition-movement-heat-cold-gadgets,0,91,0%,16.48
https://inhousewellness.com/products/dynamic-infrared-sauna-venice-edition,0,88,0%,25.93
https://inhousewellness.com/blogs/cold-plunge/how-to-choose-a-cold-plunge-tub,0,87,0%,40.76
https://inhousewellness.com/collections/thermasol,0,86,0%,35.1
https://inhousewellness.com/products/harvia-legend-150-16kw-wood-sauna-stove-kit,0,80,0%,32.06
https://inhousewellness.com/blogs/cold-plunge/cold-plunge-before-or-after-workout,0,79,0%,25.96
https://inhousewellness.com/search,0,74,0%,70.64
https://inhousewellness.com/blogs/saunas/santiago-2-person-ultra-low-emf-sauna-review#compare,0,73,0%,10.16
https://inhousewellness.com/products/dynamic-venice-elite,0,71,0%,30.94
https://inhousewellness.com/products/harvia-kip-8kw-electric-sauna-heater,0,68,0%,55.91
https://inhousewellness.com/products/truelight-energy-trism,0,67,0%,35.96
https://inhousewellness.com/products/harvia-legend-150-bk-wh-pkg-16kw-wood-sauna-stove-package,0,66,0%,48.8
https://inhousewellness.com/blogs/cold-plunge/lifetrend-cold-plunge-review#verdict,0,65,0%,5.6
https://inhousewellness.com/products/dreampod-mineral-soaker,0,65,0%,24.8
https://inhousewellness.com/blogs/saunas/santiago-2-person-ultra-low-emf-sauna-review#which,0,64,0%,10.05
https://inhousewellness.com/products/medical-sauna-commercial-485-infrared,0,63,0%,61.11
https://inhousewellness.com/blogs/saunas/arcadia-barrel-sauna-guide#install,0,62,0%,5.27
https://inhousewellness.com/products/harvia-legend-150-bk-pkg-16kw-wood-sauna-stove-package,0,61,0%,33.28
https://inhousewellness.com/products/harvia-20bk,0,61,0%,63.26
https://inhousewellness.com/products/scandia-electric-12-0kw,0,60,0%,25.67
https://inhousewellness.com/products/saunalife-cl3g,0,60,0%,45.78
https://inhousewellness.com/collections/golden-designs,0,59,0%,47.63
https://inhousewellness.com/blogs/saunas/dynamic-saunas-review#how-researched,0,57,0%,9.4
https://inhousewellness.com/products/huum-drop-9kw,0,57,0%,57.61
https://inhousewellness.com/blogs/saunas/finnmark-designs-fd-4-review,0,56,0%,7.66
https://inhousewellness.com/blogs/saunas/hidden-failure-points-diy-sauna-steam-projects,0,55,0%,9.53
https://inhousewellness.com/products/harvia-legend-150-ss-wh-pkg-16kw-wood-sauna-stove-package,0,55,0%,56.15
https://inhousewellness.com/blogs/cold-plunge/lifetrend-cold-plunge-review#instead,0,54,0%,6.22
https://inhousewellness.com/blogs/wellness/airbnb-wellness-amenity-guide,0,54,0%,9.39
https://inhousewellness.com/blogs/saunas/santiago-2-person-ultra-low-emf-sauna-review#diff,0,54,0%,10.81
https://inhousewellness.com/blogs/saunas/santiago-2-person-ultra-low-emf-sauna-review#owners,0,54,0%,11.09
https://inhousewellness.com/products/dynamic-vila-grande-4-person-full-spectrum-sauna,0,54,0%,11.11
https://inhousewellness.com/products/finnmark-fd-5-trinity-xl,0,53,0%,18.11
https://inhousewellness.com/collections/hot-tubs,0,50,0%,48.46
https://inhousewellness.com/collections/steam-showers,0,50,0%,57.36
https://inhousewellness.com/products/icetubs-icebath-xl,0,49,0%,8.9
https://inhousewellness.com/blogs/saunas/what-is-a-german-sauna#myths,0,49,0%,10.51
https://inhousewellness.com/collections/sauna-life,0,49,0%,18.86
https://inhousewellness.com/blogs/saunas/sauna-narrow-hallway-doorway-fit-guide,0,48,0%,6.96
https://inhousewellness.com/pages/contact,0,47,0%,20.15
https://inhousewellness.com/blogs/cold-plunge/cold-plunge-maintenance-tips,0,46,0%,9.8
https://inhousewellness.com/blogs/saunas/sauna-for-autoimmune-condition-symptom-relief,0,46,0%,12.11
https://inhousewellness.com/pages/media,0,46,0%,21.83
https://inhousewellness.com/blogs/saunas/dynamic-saunas-review#heater-layout,0,45,0%,9.36
https://inhousewellness.com/products/harvia-kip-6kw-sauna-heater-with-rocks,0,45,0%,31.6
https://inhousewellness.com/collections/cold-plunge-cooling-system,0,45,0%,42.27
https://inhousewellness.com/pages/about-us-page,0,44,0%,11.27
https://inhousewellness.com/blogs/saunas/costco-sauna-guide-worth-it#best-costco-saunas,0,42,0%,8.19
https://inhousewellness.com/blogs/saunas/dynamic-saunas-review#what-dynamic-saunas-means,0,41,0%,9.93
https://inhousewellness.com/blogs/saunas/costco-sauna-guide-worth-it#costco-sauna-reviews,0,40,0%,8.18
https://inhousewellness.com/products/huum-steel-10-5stu-pkg-10-5kw-electric-sauna-heater-package,0,40,0%,47.4
https://inhousewellness.com/products/dynamic-saunas-monaco,0,39,0%,24.21
https://inhousewellness.com/products/scandia-electric-heater-9kw,0,39,0%,25.05
https://inhousewellness.com/products/dynamic-saunas-lugano-infrared-sauna,0,39,0%,32.69
https://inhousewellness.com/blogs/saunas/saunalife-model-g6-review,0,38,0%,7.71
https://inhousewellness.com/collections/barrel-saunas,0,38,0%,17.45
https://inhousewellness.com/products/cal-flame-carmel-bbq-island,0,38,0%,19.71
https://inhousewellness.com/collections/broilmaster,0,38,0%,23
https://inhousewellness.com/blogs/saunas/costco-sauna-guide-worth-it#costco-saunas-current-models,0,36,0%,7.94
https://inhousewellness.com/blogs/saunas/golden-designs-osla-edition-review,0,36,0%,14.47
https://inhousewellness.com/products/leisurecraft-ct-minipod-sauna-fits-3-4-people,0,36,0%,42.28
https://inhousewellness.com/products/medical-5-infrared-sauna-3-person,0,36,0%,68.92
https://inhousewellness.com/blogs/cold-plunge/lifetrend-cold-plunge-review#verify,0,34,0%,6.68
https://inhousewellness.com/blogs/saunas/costco-sauna-guide-worth-it#costco-sauna-delivery,0,34,0%,7.91
https://inhousewellness.com/blogs/saunas,0,34,0%,44.29
https://inhousewellness.com/products/huum-uku-wifi-controller,0,34,0%,51.41
https://inhousewellness.com/pages/payment-policy,0,33,0%,11.12
https://inhousewellness.com/blogs/saunas/chromotherapy-vs-no-chromotherapy-buyers-guide,0,32,0%,10.78
https://inhousewellness.com/blogs/saunas/maxxus-mx-s106-01,0,31,0%,6.16
https://inhousewellness.com/blogs/saunas/costco-sauna-guide-worth-it#costco-sauna-warranty,0,31,0%,8.23
https://inhousewellness.com/blogs/wellness/insurance-permits-code-thermal-rooms,0,31,0%,8.77
https://inhousewellness.com/products/goldendesigns-visby-3-person-sauna,0,31,0%,11.77
https://inhousewellness.com/blogs/saunas/costco-sauna-guide-worth-it#costco-sauna-total-cost,0,30,0%,7.83
https://inhousewellness.com/products/medical-frozen-9-cold-plunge,0,30,0%,8.4
https://inhousewellness.com/products/dynamic-garcia,0,30,0%,14.07
https://inhousewellness.com/products/medical-breakthrough-7-plus-massage-chair-l-track,0,30,0%,20.93
https://inhousewellness.com/products/huum-drop-9kw-electric-sauna-heater-package,0,30,0%,55.57
https://inhousewellness.com/products/finnmark-backrest,0,29,0%,8.21
https://inhousewellness.com/blogs/saunas/santiago-2-person-ultra-low-emf-sauna-review#proscons,0,29,0%,10.9
https://inhousewellness.com/blogs/cold-plunge/cold-plunge-brand-we-dont-recommend,0,29,0%,28
https://inhousewellness.com/collections/massage-chairs,0,29,0%,29.17
https://inhousewellness.com/collections/scandia,0,28,0%,26.96
https://inhousewellness.com/products/healthsmart-red-lights,0,28,0%,46.64
https://inhousewellness.com/blogs/cold-plunge/lifetrend-cold-plunge-review#evaluation,0,27,0%,6.81
https://inhousewellness.com/pages/disclaimer,0,27,0%,11.85
https://inhousewellness.com/blogs/saunas/sauna-for-arthritis-joint-pain-relief,0,27,0%,17.33
https://inhousewellness.com/products/finnmark-fd-3,0,27,0%,33.89
https://inhousewellness.com/blogs/saunas/dynamic-saunas-review#who-makes-dynamic-saunas-the-golden-designs-ecosystem,0,26,0%,9.92
https://inhousewellness.com/blogs/saunas/dynamic-saunas-review#model-comparison-barcelona-vs-santiago-vs-venice,0,26,0%,10.19
https://inhousewellness.com/products/dynamic-canadian-hemlock-sauna-backrest,0,26,0%,15.54
https://inhousewellness.com/collections/bbq-grills,0,26,0%,19.38
https://inhousewellness.com/collections/dreampod,0,26,0%,35.38
https://inhousewellness.com/pages/faq-page,0,25,0%,7.08
https://inhousewellness.com/products/golden-designs-copenhagen,0,25,0%,9.84
https://inhousewellness.com/pages/editorial-guidelines,0,25,0%,14.12
https://inhousewellness.com/collections/low-emf,0,25,0%,17.6
https://inhousewellness.com/collections/ice-tubs,0,25,0%,46.52
https://inhousewellness.com/products/primo-large-charcoal,0,25,0%,47.64
https://inhousewellness.com/collections/medical-sauna,0,25,0%,48.08
https://inhousewellness.com/blogs/cold-plunge/at-home-cold-plunge,0,25,0%,158.12
https://inhousewellness.com/products/icetubs-icebath,0,24,0%,22.79
https://inhousewellness.com/collections/mr-steam,0,24,0%,36.83
https://inhousewellness.com/products/cozy-heat-cozy-stove,0,24,0%,38.83
https://inhousewellness.com/collections/outdoor-fireplaces,0,24,0%,61.21
https://inhousewellness.com/blogs/saunas/dynamic-saunas-review#how-to-use-an-infrared-sauna-safely,0,23,0%,9.91
https://inhousewellness.com/products/dreampod-home-float-pro,0,23,0%,11.78
https://inhousewellness.com/products/kohler-c1-k-38440,0,23,0%,12.74
https://inhousewellness.com/pages/mobile-terms-of-service,0,23,0%,14.96
https://inhousewellness.com/blogs/saunas/sauna-alzheimers,0,23,0%,21.04
https://inhousewellness.com/blogs/wellness,0,23,0%,27.43
https://inhousewellness.com/products/mw12-thermowood-r-outdoor-sauna-2-3-person,0,23,0%,36.91
https://inhousewellness.com/products/leisurecraft-tranquility-barrel-sauna,0,23,0%,38.04
https://inhousewellness.com/products/starlight-wood-burning-hot-tub-ct372w,0,22,0%,8.82
https://inhousewellness.com/collections/dynamic-cold-therapy,0,22,0%,14.23
https://inhousewellness.com/products/thermometer-hygrometer-room-temperature-humidity-monitor,0,22,0%,19.73
https://inhousewellness.com/products/saunalife-cl7g,0,22,0%,22.05
https://inhousewellness.com/blogs/cold-plunge/what-are-the-benefits-of-a-cold-plunge,0,22,0%,24.59
"https://inhousewellness.com/collections/saunas?filter.p.m.custom.capacity_=2 
Person&filter.p.m.custom.style=Infrared",0,22,0%,62.64
https://inhousewellness.com/collections,0,21,0%,5.76
https://inhousewellness.com/products/dynamic-saunas-avila-elite,0,21,0%,7.33
https://inhousewellness.com/pages/price-match-guarantee,0,21,0%,12.62
https://inhousewellness.com/blogs/saunas/small-space-sauna-guide-corner-straight-wall-compact-cabin,0,21,0%,14.29
https://inhousewellness.com/collections/helios-massage-chair,0,20,0%,16.35
https://inhousewellness.com/products/medical-sauna-traditional8,0,20,0%,16.95
https://inhousewellness.com/blogs/saunas/contrast-therapy-demystified-human-studies,0,20,0%,22.5
https://inhousewellness.com/collections/sauna,0,20,0%,35.55
https://inhousewellness.com/products/maxxus-3-person-corner-sauna-hemlock,0,20,0%,56.1
https://inhousewellness.com/pages/reviews,0,19,0%,4.63
https://inhousewellness.com/policies/shipping-policy,0,19,0%,6.42
https://inhousewellness.com/products/thermasol-whspss,0,19,0%,12.26
https://inhousewellness.com/products/dynamic-cold-therapy-pvc-barrel-cold-plunge,0,19,0%,14.53
https://inhousewellness.com/products/maxxus-s-line-mx-s206-01,0,19,0%,17.89
https://inhousewellness.com/products/dynamic-avila-2-sauna-infrared,0,19,0%,18.37
https://inhousewellness.com/products/saunalife-g3,0,19,0%,33.89
https://inhousewellness.com/blogs/cold-plunge,0,19,0%,35.21
https://inhousewellness.com/products/medical-4-infrared-sauna,0,19,0%,39.16
https://inhousewellness.com/collections/steam-saunas,0,19,0%,48.26
https://inhousewellness.com/products/huum-hive-mini-9-kw-electric-sauna-heater,0,19,0%,50.89
https://inhousewellness.com/products/cal-flame-72-inch-outdoor-fireplace-frp-909-3,0,18,0%,4.56
https://inhousewellness.com/blogs/saunas/dynamic-saunas-review#the-emf-question-marketing-claims-vs-real-world-safety,0,18,0%,10
https://inhousewellness.com/blogs/saunas/santiago-2-person-ultra-low-emf-sauna-review#heat,0,18,0%,11.22
https://inhousewellness.com/products/narvi-inari,0,18,0%,14.67
https://inhousewellness.com/products/dreampod-home-float-plus,0,18,0%,16.78
https://inhousewellness.com/products/golden-designs-nora-hybrid,0,18,0%,25.89
https://inhousewellness.com/products/ice-bath-flex,0,18,0%,30.06
https://inhousewellness.com/products/huum-hive-wood-17-ls-pkg-17kw-wood-sauna-stove-package,0,18,0%,31.5
https://inhousewellness.com/products/scandia-electric-15kw,0,18,0%,33.89
https://inhousewellness.com/collections/cold-plunge,0,18,0%,35.28
https://inhousewellness.com/collections/fire-pits,0,18,0%,43.39
"https://inhousewellness.com/collections/saunas?filter.p.m.custom.capacity_=3 
Person&filter.p.m.custom.style=Infrared",0,18,0%,59.22
https://inhousewellness.com/products/ripavi-tauko-finish-sauna,0,17,0%,6
https://inhousewellness.com/pages/our-commitment-to-only-quality-brands,0,17,0%,7.59
https://inhousewellness.com/blogs/saunas/dynamic-saunas-review#performance-heat-up-times-and-temperature-consistency,0,17,0%,9.82
https://inhousewellness.com/products/maxxus-mx-s106-01,0,17,0%,18
https://inhousewellness.com/products/scandia-electric-barrel-sauna-kit,0,17,0%,18.29
https://inhousewellness.com/products/medical-breakthrough-6-plus-massage-chair,0,17,0%,18.59
https://inhousewellness.com/products/barrel-sauna-black-asphalt-separate,0,17,0%,44.47
https://inhousewellness.com/collections/sauna-heaters,0,17,0%,47.35
https://inhousewellness.com/products/broilmaster-ng-12-foot-quick-disconnect-hose-kit-ng12,0,16,0%,2.12
https://inhousewellness.com/products/saunalife-e8g,0,16,0%,6.19
https://inhousewellness.com/blogs/saunas/sauna-ventilation-designers-co2-pm25-air-change-targets,0,16,0%,7.12
https://inhousewellness.com/blogs/saunas/costco-sauna-guide-worth-it#costco-sauna-emf,0,16,0%,8.56
https://inhousewellness.com/blogs/saunas/dynamic-saunas-review#electrical,0,16,0%,9.38
https://inhousewellness.com/products/medical-breakthrough-x-massage-chair-version-3-0-l-track,0,16,0%,15.38
https://inhousewellness.com/products/maxxus-seattle-sauna,0,16,0%,24.5
https://inhousewellness.com/products/delta-simplesteam-12kw,0,16,0%,26.25
https://inhousewellness.com/products/saunalife-ee6g,0,16,0%,31.19
https://inhousewellness.com/products/mw16-thermowood,0,16,0%,46.56
https://inhousewellness.com/collections/electric-saunas,0,16,0%,52.69
https://inhousewellness.com/products/harvia-kip-4-5kw-electric-sauna-heater,0,16,0%,61.62
https://inhousewellness.com/products/icetubs-icebarrel-xl-stairs,0,15,0%,3.73
"https://inhousewellness.com/products/dundalk-leisurecraft-cold-plunge?currency=USD&country=US&variant=42952815280195&utm_source=google&utm_medium=cpc&utm_campaign=Google 
Shopping&stkn=eeef2d5381d0",0,15,0%,5.13
https://inhousewellness.com/blogs/saunas/costco-sauna-guide-worth-it#costco-sauna-comparison,0,15,0%,7.2
https://inhousewellness.com/blogs/saunas/dynamic-saunas-review#installation-and-electrical-what-your-electrician-needs-to-know,0,15,0%,9.73
https://inhousewellness.com/products/saunalife-g6,0,15,0%,32.87
https://inhousewellness.com/products/medical-saunas-commercial-487,0,15,0%,115.2
https://inhousewellness.com/products/helios-hm5500,0,14,0%,5.93
https://inhousewellness.com/collections/outdoor-kitchen,0,14,0%,19.29
https://inhousewellness.com/products/broilmaster-bsg424n,0,14,0%,19.43
https://inhousewellness.com/products/golden-designs-maxxus-mx-m356-01-fs-ced,0,14,0%,20.86
https://inhousewellness.com/products/broilmaster-p3sx,0,14,0%,29.64
https://inhousewellness.com/products/dreampod-ice-series-cold-plunge-barrel-flex,0,14,0%,45.71
https://inhousewellness.com/blogs/wellness/n-of-1-to-protocol-recovery-research-personal-routines,0,13,0%,5.46
https://inhousewellness.com/products/maxxus-3-person-infrared-sauna,0,13,0%,6.08
https://inhousewellness.com/products/saunalife-cl4g,0,13,0%,10.92
https://inhousewellness.com/products/medical-7-plus-infrared-sauna,0,13,0%,12.69
https://inhousewellness.com/products/broilmaster-bsb324mgn,0,13,0%,13.08
https://inhousewellness.com/products/leisurecraft-serenity,0,13,0%,14.23
https://inhousewellness.com/products/dynamic-saunas-vittoria-dyn-6220-01,0,13,0%,16.62
https://inhousewellness.com/products/maxxus-2-person-sauna-hemlock,0,13,0%,17.31
https://inhousewellness.com/products/thermasol-pp18sr,0,13,0%,20.23
https://inhousewellness.com/products/installation-assembly,0,13,0%,22.15
https://inhousewellness.com/products/dundalk-leisurecraft-cold-plunge,0,13,0%,23.85
https://inhousewellness.com/products/delta-steamscape-10kw,0,13,0%,32.77
https://inhousewellness.com/collections/near-zero-emf,0,13,0%,40
https://inhousewellness.com/blogs/saunas/diflufenican-epyrifenacil-pfas-sauna-detox-facts,0,12,0%,8
https://inhousewellness.com/products/cal-flame-outdoor-fireplace-frp-908-2,0,12,0%,9.08
https://inhousewellness.com/pages/payment-method,0,12,0%,11.08
https://inhousewellness.com/pages/security-policy,0,12,0%,11.67
https://inhousewellness.com/products/leisurecraft-granby-2-3-person-cabin-sauna,0,12,0%,14.5
https://inhousewellness.com/collections/cal-saunas,0,12,0%,14.58
https://inhousewellness.com/products/maxxus-bellevue-3-person-near-zero-emf-far-infrared-sauna-canadian-hemlock,0,12,0%,17.08
https://inhousewellness.com/products/narvi-luosto,0,12,0%,22.33
https://inhousewellness.com/products/dynamic-cold-therapy-inflatable-cold-plunge-tub,0,12,0%,27.67
https://inhousewellness.com/products/saunalife-model-g4,0,12,0%,28.83
https://inhousewellness.com/collections/far-infrared,0,12,0%,30.58
https://inhousewellness.com/collections/full-spectrum,0,12,0%,40.75
https://inhousewellness.com/products/kaarina-6-person-sauna,0,11,0%,5.09
https://inhousewellness.com/blogs/fire/dundalk-leisurecraft-hot-tub,0,11,0%,7.91
https://inhousewellness.com/blogs/wellness/molecular-targets-longevity-drugs-heat-shock-cellular-stress-pathways,0,11,0%,7.91
https://inhousewellness.com/products/dynamic-lugano-infrared-sauna,0,11,0%,8.45
https://inhousewellness.com/products/saunatap-app-track-sauna-sessions-streaks-insights,0,11,0%,8.55
https://inhousewellness.com/blogs/cold-plunge/cold-plunge-buying-mistakes,0,11,0%,9.09
https://inhousewellness.com/products/golden-designs-forssa-traditional-sauna,0,11,0%,15
https://inhousewellness.com/products/anti-vibration-mat,0,11,0%,26.27
https://inhousewellness.com/products/delta-steamscape-12kw,0,11,0%,29.09
https://inhousewellness.com/products/maxxus-3-person-sauna-hemlock,0,11,0%,44.91
https://inhousewellness.com/products/huum-uku-glass-controller,0,11,0%,47.09
https://inhousewellness.com/products/delta-simplesteam-15kw,0,11,0%,48.91
https://inhousewellness.com/products/harvia-pro-20-bk-pkg-24-1kw-wood-sauna-stove-package,0,11,0%,51.45
https://inhousewellness.com/products/huum-uku-240v,0,10,0%,4.5
https://inhousewellness.com/products/kaskinen-6-sauna,0,10,0%,6
https://inhousewellness.com/blogs/saunas/costco-sauna-guide-worth-it#costco-sauna-assembly,0,10,0%,7.8
https://inhousewellness.com/blogs/saunas/dynamic-saunas-review#technology-breakdown-low-emf-vs-ultra-low-vs-full-spectrum,0,10,0%,10.6
https://inhousewellness.com/products/maxxus-alpine,0,10,0%,11.2
https://inhousewellness.com/products/products-scandia-80k-btu-gas-sauna-heater,0,10,0%,11.4
https://inhousewellness.com/products/medical-frozen-plunge-1-cold-therapy,0,10,0%,11.8
https://inhousewellness.com/products/harvia-virta-pro-hl16u1-electric-sauna-heater,0,10,0%,11.9
https://inhousewellness.com/products/broilmaster-bsb405p,0,10,0%,12
https://inhousewellness.com/blogs/fire/backyard-fire-pit-benefits-beyond-warmth,0,10,0%,15
https://inhousewellness.com/collections/more,0,10,0%,23.3
https://inhousewellness.com/collections/delta,0,10,0%,23.7
https://inhousewellness.com/collections/cal-flame,0,10,0%,29.7
https://inhousewellness.com/products/scandia-electric-heater-6kw,0,10,0%,30.7
https://inhousewellness.com/products/medical-breakthrough-5-massage-chair-2,0,10,0%,31.3
https://inhousewellness.com/products/biohackers-infrared-sauna-guide,0,10,0%,33.5
https://inhousewellness.com/collections/narvi,0,10,0%,33.6
https://inhousewellness.com/products/cal-flame-outdoor-fireplace-frp-909-1,0,10,0%,33.6
https://inhousewellness.com/products/scandia-electric-heater-7kw,0,10,0%,46.9
https://inhousewellness.com/products/huum-hive-mini-6-kw-electric-sauna-heater,0,10,0%,55.1
https://inhousewellness.com/products/saunalife-s4b-hottub,0,10,0%,58.9
https://inhousewellness.com/products/cozy-heat-cozy12-o,0,10,0%,61.4
https://inhousewellness.com/blogs/news,0,9,0%,2.67
https://inhousewellness.com/products/kohler-c1-k-39963-0fnc,0,9,0%,5.89
https://inhousewellness.com/products/golden-designs-sundsvall,0,9,0%,12.33
https://inhousewellness.com/products/mw20-thermowood,0,9,0%,15.11
https://inhousewellness.com/products/scandia-80k-btu-gas-sauna-heater-copy,0,9,0%,15.67
https://inhousewellness.com/products/broilmaster-p3pk7n,0,9,0%,16
https://inhousewellness.com/products/dynamic-madrid-elite-3-person-ultra-low-emf-sauna,0,9,0%,16
https://inhousewellness.com/products/thermasol-twph10us,0,9,0%,16.78
https://inhousewellness.com/products/medical-breakthrough-5-massage-chair,0,9,0%,17.56
https://inhousewellness.com/products/saunalife-g11,0,9,0%,20.22
https://inhousewellness.com/products/natural-sauna-rocks-25lbs,0,9,0%,24.44
https://inhousewellness.com/products/pre-cut-hand-finished-sauna-kit-1-3-person,0,9,0%,26.56
https://inhousewellness.com/products/maxxus-3-person-sauna-hemlock-ultralow,0,9,0%,31.33
https://inhousewellness.com/products/cozy-sw-sauna-stove,0,9,0%,42.89
https://inhousewellness.com/products/huum-drop-6kw,0,9,0%,43.89
https://inhousewellness.com/pages/data-sharing-opt-out,0,8,0%,7.25
https://inhousewellness.com/pages/sauna-payment-plans,0,8,0%,7.25
https://inhousewellness.com/products/broilmaster-40-42-stainless-steel-built-in-grill-cover-bsacv42s,0,8,0%,7.88
https://inhousewellness.com/products/dreampod-ice-bath-flex-with-chiller,0,8,0%,8
https://inhousewellness.com/products/lbk-401-bbq-island,0,8,0%,10
https://inhousewellness.com/products/broilmaster-bsb322g,0,8,0%,10.75
https://inhousewellness.com/products/oval-large,0,8,0%,11
https://inhousewellness.com/products/dynamic-san-marino-low-emf,0,8,0%,12.5
https://inhousewellness.com/blogs/cold-plunge/is-cold-plunge-good-for-women,0,8,0%,17.5
https://inhousewellness.com/blogs/fire/12-fire-benefits,0,8,0%,21.38
https://inhousewellness.com/products/cozy-12-og-tw,0,8,0%,35.5
https://inhousewellness.com/products/harvia-wk500-40kw-wood-burning-sauna-stove,0,8,0%,41.62
https://inhousewellness.com/products/maxxus-serenity-2-person-low-emf-sauna,0,7,0%,6.86
https://inhousewellness.com/products/golden-designs-carinthia-3-person-hybrid-outdoor-sauna,0,7,0%,7.14
https://inhousewellness.com/products/broilmaster-bsb324p,0,7,0%,7.29
https://inhousewellness.com/products/scandia-barrel-sauna-4-person,0,7,0%,9
https://inhousewellness.com/products/medical-frozen-7-cold-plunge,0,7,0%,9.14
https://inhousewellness.com/products/harvia-hl200e,0,7,0%,10.57
https://inhousewellness.com/blogs/fire,0,7,0%,11.86
https://inhousewellness.com/blogs/cold-plunge/hot-tub-cold-plunge-combo,0,7,0%,14.57
https://inhousewellness.com/products/vmax-float-pod-sensory-deprivation-tank,0,7,0%,15.43
https://inhousewellness.com/products/golden-designs-zurich,0,7,0%,15.57
https://inhousewellness.com/products/huum-cliff-mini-4stu-pkg-4kw-electric-sauna-heater-kit,0,7,0%,18.43
https://inhousewellness.com/products/broilmaster-p3pk5n,0,7,0%,22.29
https://inhousewellness.com/products/dynamic-saunas-bergamo,0,7,0%,23.86
https://inhousewellness.com/collections/designer-sauna-heaters,0,7,0%,30.71
https://inhousewellness.com/collections/sauna?page=3,0,7,0%,34.71
https://inhousewellness.com/products/medical-frozen-3-cold-plunge,0,7,0%,34.71
https://inhousewellness.com/products/bbk710-outdoor-kitchen-island,0,7,0%,42.71
https://inhousewellness.com/products/saunalife-x2-1-2-person-indoor-sauna-kit,0,7,0%,55.71
https://inhousewellness.com/pages/feedback,0,6,0%,3
https://inhousewellness.com/products/thermasol-wh14stpss,0,6,0%,4.17
https://inhousewellness.com/collections/vendors?q=InHouse Wellness,0,6,0%,4.5
https://inhousewellness.com/products/medical-frozen-4-cold-plunge-xl,0,6,0%,5.67
https://inhousewellness.com/blogs/wellness/renovation-sequencing-wellness-installations,0,6,0%,6.33
https://inhousewellness.com/products/dynamic-saunas-dyn-6229-01-serena,0,6,0%,6.83
https://inhousewellness.com/policies/refund-policy,0,6,0%,7.33
https://inhousewellness.com/products/the-ultimate-sauna-maintenance-care-guide,0,6,0%,7.5
https://inhousewellness.com/blogs/saunas/costco-sauna-guide-worth-it#costco-sauna-temperature,0,6,0%,8.83
https://inhousewellness.com/blogs/saunas/dynamic-saunas-review#build-quality-canadian-hemlock-and-the-buckle-system,0,6,0%,10
https://inhousewellness.com/products/gracia-ultra-lowemf-sauna,0,6,0%,11.17
https://inhousewellness.com/products/cozy-12-sw-tw,0,6,0%,11.33
https://inhousewellness.com/products/huum-hive-12kw-electric-sauna-heater-package,0,6,0%,12
https://inhousewellness.com/products/icetubs-icebarrel-stairs,0,6,0%,15
https://inhousewellness.com/products/broilmaster-p3pk5,0,6,0%,16.17
https://inhousewellness.com/products/huum-h2004022-uku,0,6,0%,16.17
https://inhousewellness.com/products/harvia-fenix-fx30c-control,0,6,0%,18
https://inhousewellness.com/blogs/saunas?page=3,0,6,0%,20.83
https://inhousewellness.com/products/broilmaster-bsg343n,0,6,0%,25.5
https://inhousewellness.com/products/cal-flame-outdoor-fireplace-frp-906-2,0,6,0%,25.67
https://inhousewellness.com/products/savonlinna-3-person-sauna,0,6,0%,30.5
https://inhousewellness.com/products/golden-designs-full-spectrum-sauna,0,6,0%,48.33
"https://inhousewellness.com/products/dreampod-home-float-pro?currency=USD&country=US&variant=42952772288579&utm_source=google&utm_medium=cpc&utm_campaign=Google 
Shopping&stkn=eeef2d5381d0",0,5,0%,2.8
https://inhousewellness.com/products/broilmaster-rotisserie-kit-for-34-inch-grill-bsamr34,0,5,0%,4.4
https://inhousewellness.com/products/maxxus-chaumont-edition-far-infrared-sauna-corner-unit-4-person-low-emf-red-cedar,0,5,0%,4.6
https://inhousewellness.com/products/golden-designs-karlstad-6-person-hybrid-outdoor-sauna,0,5,0%,5.8
https://inhousewellness.com/products/broilmaster-dpa107-grid-lifter-kit-stainless-steel-grill-grate-removal-tool,0,5,0%,8.6
https://inhousewellness.com/products/saunalife-s2n-coldplunge,0,5,0%,9.2
https://inhousewellness.com/blogs/saunas/dynamic-saunas-review#pros-and-cons-the-honest-verdict,0,5,0%,10.2
https://inhousewellness.com/products/medical-sauna-traditional7,0,5,0%,12.2
https://inhousewellness.com/products/thermasol-twp10us,0,5,0%,17
https://inhousewellness.com/products/ultimate-fire-pit-table-electronic-ignition,0,5,0%,17.2
https://inhousewellness.com/products/thermasol-ds-650,0,5,0%,20.2
https://inhousewellness.com/products/dynamic-lugano-3-person-full-spectrum-sauna,0,5,0%,21.4
https://inhousewellness.com/products/medical-sauna-traditional6,0,5,0%,22.2
https://inhousewellness.com/products/dynamic-cold-therapy-plunge,0,5,0%,24.4
https://inhousewellness.com/products/harvia-fenix-fx45-wifi-control,0,5,0%,29.6
"https://inhousewellness.com/collections/saunas?filter.p.m.custom.capacity_=2 
Person&filter.p.m.custom.location_=Indoor",0,5,0%,56
https://inhousewellness.com/collections/harvia-sauna-heaters?page=3,0,5,0%,56.4
https://inhousewellness.com/products/huum-steel-10-5kw-electric-sauna-heater,0,5,0%,59.4
"https://inhousewellness.com/products/finnmark-fd-4?currency=USD&country=US&variant=42952841068611&utm_source=google&utm_medium=cpc&utm_campaign=Google 
Shopping&stkn=eeef2d5381d0",0,4,0%,1
https://inhousewellness.com/products/golden-designs-gdi-6880-03,0,4,0%,3.75
https://inhousewellness.com/products/cal-flame-72-inch-outdoor-fireplace-frp-906-3,0,4,0%,5
https://inhousewellness.com/products/thermasol-wh14sp10s-1,0,4,0%,5
https://inhousewellness.com/products/broilmaster-bsacv26s-premium-26-in-built-in-grill-cover,0,4,0%,5.5
https://inhousewellness.com/products/harvia-m3-ss-lg-flk-16-5kw-wood-sauna-stove-package,0,4,0%,6.25
https://inhousewellness.com/products/maxxus-mx-m356-01-fs-ced,0,4,0%,6.25
https://inhousewellness.com/products/mr-steam-butlerflex-max,0,4,0%,6.5
https://inhousewellness.com/blogs/cold-plunge/cold-plunge-buyers-checklist,0,4,0%,7.25
https://inhousewellness.com/products/avalon-q-820-outdoor-kitchen-island,0,4,0%,7.25
https://inhousewellness.com/products/goldendesigns-gargellen-hybrid-outdoor-sauna,0,4,0%,7.25
https://inhousewellness.com/products/broilmaster-bsasl34-stainless-steel-insulated-sleeve-for-34-built-in-gas-grill,0,4,0%,7.5
https://inhousewellness.com/products/kona-q-601-bbq-island-kitchen,0,4,0%,8
https://inhousewellness.com/products/adjustable-installation-base-sauna-accessory,0,4,0%,8.25
https://inhousewellness.com/products/harvia-spirit-sp80e-electric-heater-sauna-package,0,4,0%,8.75
https://inhousewellness.com/products/thermasol-pp24lr,0,4,0%,9
https://inhousewellness.com/products/harvia-m3-ss-sm-flk-pkg-16-5kw-wood-sauna-stove-package,0,4,0%,9.5
https://inhousewellness.com/blogs/saunas/dynamic-saunas-review#build,0,4,0%,9.75
https://inhousewellness.com/blogs/saunas/dynamic-saunas-review#capacity,0,4,0%,10.5
https://inhousewellness.com/products/stainless-steel-side-shelf-cart-table-configuration,0,4,0%,11.75
https://inhousewellness.com/products/cozy-og-wood-stove,0,4,0%,15
https://inhousewellness.com/products/designer-b-6kw-electric-sauna-heater-with-rocks-9053-206,0,4,0%,18.25
https://inhousewellness.com/products/harvia-legend-300duo-sauna-stove,0,4,0%,20
https://inhousewellness.com/products/sauna-session-planner,0,4,0%,22.5
https://inhousewellness.com/products/pacifica-q701-outdoor-kitchen,0,4,0%,25.25
https://inhousewellness.com/products/narvi-nc-16-black-16kw-wood-burning-sauna-stove,0,4,0%,27.75
https://inhousewellness.com/products/harvia-kip80b-8kw,0,4,0%,30
https://inhousewellness.com/products/delta-30kw-commercial-steam,0,4,0%,31.75
https://inhousewellness.com/products/maxxus-trinity-3-person-low-emf-sauna,0,4,0%,32
https://inhousewellness.com/products/primo-kamado-round-ceramic-grill-head,0,4,0%,36.5
https://inhousewellness.com/blogs/wellness/biohacking-tools-inflammation-reduction,0,4,0%,39.75
https://inhousewellness.com/collections/cold-plunge?page=2,0,4,0%,45
https://inhousewellness.com/products/1-2-person-infrared-sauna-model-number-low-emf-hemlock-bluetooth,0,4,0%,54.5
https://inhousewellness.com/collections/sauna-accessories,0,4,0%,60.25
https://inhousewellness.com/collections/saunas?filter.p.m.custom.location_=Indoor&filter.p.m.custom.style=Infrared,0,4,0%,71.5
https://inhousewellness.com/collections/saunas?page=10,0,4,0%,97.25
"https://inhousewellness.com/products/thermasol-ds-650?currency=USD&country=US&variant=42952866103363&utm_source=google&utm_medium=cpc&utm_campaign=Google 
Shopping&stkn=eeef2d5381d0",0,3,0%,1
https://inhousewellness.com/products/golden-designs-gdi-6880-02-elite-catalonia,0,3,0%,2
https://inhousewellness.com/products/chimney-out-the-top-with-water-tank-bsb214pwt,0,3,0%,3
"https://inhousewellness.com/products/finnmark-fd-5-trinity-xl?currency=USD&country=US&variant=42952841166915&utm_source=google&utm_medium=cpc&utm_campaign=Google 
Shopping&stkn=eeef2d5381d0",0,3,0%,3
https://inhousewellness.com/collections/more?page=4,0,3,0%,3.33
https://inhousewellness.com/products/huum-hive-wood-17-ls-17kw-wood-sauna-stove,0,3,0%,3.33
https://inhousewellness.com/products/maxxus-4-person-sauna-cedar,0,3,0%,3.67
"https://inhousewellness.com/products/dreampod-home-float-plus?currency=USD&country=US&variant=42952772386883&utm_source=google&utm_medium=cpc&utm_campaign=Google 
Shopping&stkn=eeef2d5381d0",0,3,0%,4.33
https://inhousewellness.com/products/scandia-4-person-barrel-sauna-kit,0,3,0%,4.67
https://inhousewellness.com/collections/cal-flame?page=2,0,3,0%,5
https://inhousewellness.com/products/cal-flame-78-inch-outdoor-fireplace-frp-908-3,0,3,0%,5.33
https://inhousewellness.com/products/designer-b-8kw-electric-sauna-heater-with-rocks-9053-210,0,3,0%,5.33
https://inhousewellness.com/products/dynamic-bellagio-3-person-indoor-infrared-sauna,0,3,0%,5.67
https://inhousewellness.com/products/vorarlberg-outdoor-sauna,0,3,0%,6
https://inhousewellness.com/products/santiago-low-emf-sauna,0,3,0%,6.67
https://inhousewellness.com/products/lbk-402-bbq-island-luxury-outdoor-kitchen,0,3,0%,8
https://inhousewellness.com/products/leisurecraft-timber-harmony-4-person-outdoor-barrel-sauna,0,3,0%,8
https://inhousewellness.com/products/cal-flame-costa-bbq-island,0,3,0%,8.33
https://inhousewellness.com/products/scandia-electric-barrel-sauna-kit-8-person,0,3,0%,8.33
https://inhousewellness.com/products/atlantic-q801-outdoor-kitchen-island,0,3,0%,8.67
https://inhousewellness.com/products/designer-b-4-5kw-electric-sauna-heater-with-rocks-9053-202,0,3,0%,8.67
https://inhousewellness.com/products/maxxus-mx-k356-corner-sauna,0,3,0%,8.67
https://inhousewellness.com/products/narvi-split-face-stones,0,3,0%,9
https://inhousewellness.com/products/wooden-thermometer-hygrometer,0,3,0%,9
https://inhousewellness.com/products/goldendesigns-carinthia-hybrid-outdoor-sauna,0,3,0%,9.33
https://inhousewellness.com/products/harvia-ac3020-sauna-stones,0,3,0%,10
https://inhousewellness.com/blogs/saunas/dynamic-saunas-monaco-dyn-6996-01-elite,0,3,0%,10.33
https://inhousewellness.com/products/maxxus-mx-k406-sauna,0,3,0%,11
https://inhousewellness.com/products/broilmaster-stainless-steel-insulated-sleeve-for-32-inch-grill-bsasl32,0,3,0%,11.33
https://inhousewellness.com/products/1-2-person-infrared-sauna-hemlock-chromotherapy,0,3,0%,14.33
https://inhousewellness.com/collections/infrared-saunas?page=8,0,3,0%,24
https://inhousewellness.com/products/mr-steam-cx30kw,0,3,0%,24
https://inhousewellness.com/products/hand-finished-sauna-kit-8-plus-people,0,3,0%,24.33
https://inhousewellness.com/products/mr-steam-butlerflex,0,3,0%,25
https://inhousewellness.com/collections/red-light-therapy-panel-skin-pain-recovery,0,3,0%,25.33
https://inhousewellness.com/products/hand-finished-precut-sauna-kit,0,3,0%,34.33
https://inhousewellness.com/products/harvia-the-wall-sws80-sauna-heater-8kw-stainless-steel,0,3,0%,44.67
https://inhousewellness.com/products/harvia-xenio-cx45-wifi-control,0,3,0%,48.67
https://inhousewellness.com/products/huum-drop-4kw-h2004022,0,3,0%,52
https://inhousewellness.com/products/primo-all-in-one-oval-large-ceramic-kamado-charcoal-grill,0,3,0%,52
https://inhousewellness.com/products/oval-large-300-xl-400-cart-with-basket-stainless-side-shelves,0,3,0%,53
https://inhousewellness.com/products/icetubs-icebarrel-cold-plunge,0,3,0%,56
https://inhousewellness.com/products/harvia-m3-ss-pkg,0,3,0%,64
"https://inhousewellness.com/products/ice-bath-flex?currency=USD&country=US&variant=42952771764291&utm_source=google&utm_medium=cpc&utm_campaign=Google 
Shopping&stkn=eeef2d5381d0",0,2,0%,1
"https://inhousewellness.com/products/products-v2-float-pod-premium-isolation-tank?currency=USD&country=US&variant=42952772485187&utm_source=google&utm_medium=cpc&utm_campaign=Google 
Shopping&stkn=eeef2d5381d0",0,2,0%,1
"https://inhousewellness.com/products/thermasol-wh14sp10s-1?currency=USD&country=US&variant=42952859844675&utm_source=google&utm_medium=cpc&utm_campaign=Google 
Shopping&stkn=eeef2d5381d0",0,2,0%,1
"https://inhousewellness.com/products/ultimate-fire-pit-table-electronic-ignition?currency=USD&country=US&variant=42952813871171&utm_source=google&utm_medium=cpc&utm_campaign=Google 
Shopping&stkn=eeef2d5381d0",0,2,0%,1
"https://inhousewellness.com/products/dynamic-infrared-sauna-venice-edition?currency=USD&country=US&variant=42952802893891&utm_source=google&utm_medium=cpc&utm_campaign=Google 
Shopping&stkn=eeef2d5381d0",0,2,0%,1.5
https://inhousewellness.com/products/huum-steel-9-0stu-pkg-9kw-electric-sauna-heater-package,0,2,0%,3
https://inhousewellness.com/collections/low-emf?page=2,0,2,0%,3.5
https://inhousewellness.com/products/huum-cliff-11stu-pkg-11kw-electric-sauna-heater-package,0,2,0%,4
https://inhousewellness.com/products/outdoor-kitchen-island-bbk-830-cal-flame,0,2,0%,4
https://inhousewellness.com/products/bucket-ladle-sand-timer,0,2,0%,4.5
https://inhousewellness.com/products/golden-designs-gargellen-5-person-hybrid-outdoor-sauna,0,2,0%,4.5
https://inhousewellness.com/products/huum-hive-mini-9stu-pkg-9-kw-sauna-heater-kit,0,2,0%,5
https://inhousewellness.com/collections/saunas?page=4,0,2,0%,6
https://inhousewellness.com/collections/saunas?page=7,0,2,0%,6
https://inhousewellness.com/products/broilmaster-heavy-duty-standard-rotisserie-dpa51,0,2,0%,6
https://inhousewellness.com/products/golden-6-person-sauna,0,2,0%,6
https://inhousewellness.com/products/golden-designs-reserve-3-person-indoor-full-spectrum-infrared-sauna-hemlock,0,2,0%,6
https://inhousewellness.com/products/chimney-back-wall,0,2,0%,6.5
https://inhousewellness.com/products/dundalk-chimney-heat-shield-set-out-the-top-bsb214b,0,2,0%,6.5
https://inhousewellness.com/collections/sauna-heaters?page=8,0,2,0%,7
https://inhousewellness.com/products/golden-designs-drammen,0,2,0%,7
https://inhousewellness.com/products/scandia-electric-barrel-sauna-kit-4-person,0,2,0%,7
"https://inhousewellness.com/products/vmax-float-pod-sensory-deprivation-tank?currency=USD&country=US&variant=42952772681795&utm_source=google&utm_medium=cpc&utm_campaign=Google 
Shopping&stkn=eeef2d5381d0",0,2,0%,7.5
https://inhousewellness.com/products/dynamic-bergamo-elite-4-person-ultra-low-emf-sauna,0,2,0%,8
https://inhousewellness.com/products/extended-your-warranty-3-years,0,2,0%,8
https://inhousewellness.com/products/gdi-6996-elite-sauna,0,2,0%,8.5
https://inhousewellness.com/products/golden-designs-toledo,0,2,0%,8.5
https://inhousewellness.com/blogs/cold-plunge?page=3,0,2,0%,9
https://inhousewellness.com/products/golden-designs-soria-hybrid-sauna,0,2,0%,9
https://inhousewellness.com/products/harvia-m3-bk-md-flk-16-5kw-wood-sauna-stove-package,0,2,0%,9
"https://inhousewellness.com/products/dreampod-home-float-pro?currency=USD&amp;country=US&amp;variant=42952772288579&amp;utm_source=google&amp;utm_medium=cpc&amp;utm_campaign=Google 
Shopping&amp;stkn=eeef2d5381d0",0,2,0%,9.5
https://inhousewellness.com/blogs/cold-plunge?page=2,0,2,0%,10
https://inhousewellness.com/products/bel-air-q810-outdoor-kitchen-island,0,2,0%,10
https://inhousewellness.com/collections/huum-sauna-heaters?page=2,0,2,0%,16
https://inhousewellness.com/products/dynamic-versailles-elite-2-person-infrared-sauna,0,2,0%,18.5
https://inhousewellness.com/products/primo-jr-200-oval-grill-go-portable-cradle-1,0,2,0%,21
https://inhousewellness.com/collections/ultra-low-emf?page=2,0,2,0%,23.5
https://inhousewellness.com/products/harvia-the-wall-sw60-6-kw-wall-mounted-electric-sauna-heater,0,2,0%,25.5
https://inhousewellness.com/products/harvia-legend-300-stove,0,2,0%,29.5
https://inhousewellness.com/products/primo-oval-junior-ceramic-kamado-charcoal-grill,0,2,0%,29.5
https://inhousewellness.com/collections/sauna-heaters?page=4,0,2,0%,36.5
https://inhousewellness.com/products/maxxus-bellevue-3-person-infrared-sauna,0,2,0%,39.5
https://inhousewellness.com/products/primo-all-in-one-oval-xxl-ceramic-kamado-charcoal-grill,0,2,0%,41
https://inhousewellness.com/products/cozy-o-tw-wood-stove,0,2,0%,42.5
https://inhousewellness.com/collections/sauna-maintenance-product,0,2,0%,45.5
https://inhousewellness.com/products/huum-hive-flow-wood-sauna-stove-package,0,2,0%,51
https://inhousewellness.com/products/huum-hive-12,0,2,0%,61
"https://inhousewellness.com/collections/barrel-saunas?filter.p.m.custom.capacity_=8 
Person",0,2,0%,66
https://inhousewellness.com/collections/saunas?filter.p.m.custom.location_=Outdoor&filter.p.m.custom.style=Traditional,0,2,0%,70.5
"https://inhousewellness.com/products/1-2-person-infrared-sauna-model-number-low-emf-hemlock-bluetooth?currency=USD&amp;country=US&amp;variant=42952792932419&amp;utm_source=google&amp;utm_medium=cpc&amp;utm_campaign=Google 
Shopping&amp;stkn=eeef2d5381d0",0,1,0%,1
https://inhousewellness.com/products/arosa-4p-barrel-sauna,0,1,0%,1
"https://inhousewellness.com/products/cal-aura-red-light-duotherapy?currency=USD&country=US&variant=42952815083587&utm_source=google&utm_medium=cpc&utm_campaign=Google 
Shopping&stkn=eeef2d5381d0",0,1,0%,1
"https://inhousewellness.com/products/cal-flame-72-inch-outdoor-fireplace-frp-909-3?currency=USD&country=US&variant=42952814002243&utm_source=google&utm_medium=cpc&utm_campaign=Google 
Shopping&stkn=eeef2d5381d0",0,1,0%,1
"https://inhousewellness.com/products/cal-flame-bbq-island-tropical?currency=USD&country=US&variant=42952770551875&utm_source=google&utm_medium=cpc&utm_campaign=Google 
Shopping&stkn=eeef2d5381d0",0,1,0%,1
"https://inhousewellness.com/products/cal-flame-carmel-bbq-island?currency=USD&country=US&variant=42952769568835&utm_source=google&utm_medium=cpc&utm_campaign=Google 
Shopping&stkn=eeef2d5381d0",0,1,0%,1
"https://inhousewellness.com/products/cal-flame-outdoor-fireplace-frp-908-2?currency=USD&country=US&variant=42952813969475&utm_source=google&utm_medium=cpc&utm_campaign=Google 
Shopping&stkn=eeef2d5381d0",0,1,0%,1
"https://inhousewellness.com/products/dreampod-ice-bath-flex-with-chiller?currency=USD&country=US&variant=42952771633219&utm_source=google&utm_medium=cpc&utm_campaign=Google 
Shopping&stkn=eeef2d5381d0",0,1,0%,1
"https://inhousewellness.com/products/finnmark-fd-4?currency=USD&amp;country=US&amp;variant=42952841068611&amp;utm_source=google&amp;utm_medium=cpc&amp;utm_campaign=Google 
Shopping&amp;stkn=eeef2d5381d0",0,1,0%,1
https://inhousewellness.com/products/fredstone-oval-23-x-16,0,1,0%,1
"https://inhousewellness.com/products/harvia-spirit-sp80e-electric-heater-sauna-package?currency=USD&country=US&variant=42953002844227&utm_source=google&utm_medium=cpc&utm_campaign=Google 
Shopping&stkn=eeef2d5381d0",0,1,0%,1
https://inhousewellness.com/products/huum-hive-mini-11-10-6kw-electric-sauna-heater,0,1,0%,1
"https://inhousewellness.com/products/maxxus-alpine?currency=USD&country=US&variant=42952794964035&utm_source=google&utm_medium=cpc&utm_campaign=Google 
Shopping&stkn=eeef2d5381d0",0,1,0%,1
"https://inhousewellness.com/products/maxxus-mx-m356-01-fs-ced?currency=USD&country=US&variant=42952795029571&utm_source=google&utm_medium=cpc&utm_campaign=Google 
Shopping&stkn=eeef2d5381d0",0,1,0%,1
"https://inhousewellness.com/products/maxxus-seattle-2-person-sauna?currency=USD&amp;country=US&amp;variant=42952802566211&amp;utm_source=google&amp;utm_medium=cpc&amp;utm_campaign=Google 
Shopping&amp;stkn=eeef2d5381d0",0,1,0%,1
https://inhousewellness.com/products/mr-steam-linear,0,1,0%,1
"https://inhousewellness.com/products/mw12-thermowood-r-outdoor-sauna-2-3-person?currency=USD&country=US&variant=42952834613315&utm_source=google&utm_medium=cpc&utm_campaign=Google 
Shopping&stkn=eeef2d5381d0",0,1,0%,1
"https://inhousewellness.com/products/narvi-split-face-stones?currency=USD&country=US&variant=42952826486851&utm_source=google&utm_medium=cpc&utm_campaign=Google 
Shopping&stkn=eeef2d5381d0",0,1,0%,1
"https://inhousewellness.com/products/primo-oval-xl-ceramic-kamado-charcoal-grill?currency=USD&country=US&variant=42952830844995&utm_source=google&utm_medium=cpc&utm_campaign=Google 
Shopping&stkn=eeef2d5381d0",0,1,0%,1
https://inhousewellness.com/products/sauna-chimney-heat-shield-back-wall-stainless-steel,0,1,0%,1
https://inhousewellness.com/products/saunalife-s2b-coldplunge,0,1,0%,1
"https://inhousewellness.com/products/saunalife-s4b-hottub?currency=USD&country=US&variant=42952851652675&utm_source=google&utm_medium=cpc&utm_campaign=Google 
Shopping&stkn=eeef2d5381d0",0,1,0%,1
"https://inhousewellness.com/products/scandia-electric-12-0kw?currency=USD&country=US&variant=42952801353795&utm_source=google&utm_medium=cpc&utm_campaign=Google 
Shopping&stkn=eeef2d5381d0",0,1,0%,1
"https://inhousewellness.com/products/scandia-electric-heater-9kw?currency=USD&country=US&variant=42952808497219&utm_source=google&utm_medium=cpc&utm_campaign=Google 
Shopping&stkn=eeef2d5381d0",0,1,0%,1
"https://inhousewellness.com/products/scandia-heater-natural-gas-40k?currency=USD&amp;country=US&amp;variant=42952813051971&amp;utm_source=google&amp;utm_medium=cpc&amp;utm_campaign=Google 
Shopping&amp;stkn=eeef2d5381d0",0,1,0%,1
"https://inhousewellness.com/products/scandia-heater-natural-gas-40k?currency=USD&country=US&variant=42952813117507&utm_source=google&utm_medium=cpc&utm_campaign=Google 
Shopping&stkn=eeef2d5381d0",0,1,0%,1
"https://inhousewellness.com/products/thermasol-twph10us?currency=USD&country=US&variant=42952853782595&utm_source=google&utm_medium=cpc&utm_campaign=Google 
Shopping&stkn=eeef2d5381d0",0,1,0%,1
https://inhousewellness.com/blogs/institute,0,1,0%,2
https://inhousewellness.com/products/cart-368-jack-daniel-s-edition-island-top,0,1,0%,2
https://inhousewellness.com/products/cozy-quattro-sauna-stove,0,1,0%,2
https://inhousewellness.com/products/dynamic-martin-1-2-person-full-spectrum-sauna,0,1,0%,2
"https://inhousewellness.com/products/finnmark-fd-3?currency=USD&country=US&variant=42952841003075&utm_source=google&utm_medium=cpc&utm_campaign=Google 
Shopping&stkn=eeef2d5381d0",0,1,0%,2
"https://inhousewellness.com/products/golden-designs-full-spectrum-sauna?currency=USD&country=US&variant=42952782774339&utm_source=google&utm_medium=cpc&utm_campaign=Google 
Shopping&stkn=eeef2d5381d0",0,1,0%,2
https://inhousewellness.com/products/harvia-virta-combi-hl90sa,0,1,0%,2
https://inhousewellness.com/products/icetubs-icebarrel-xl,0,1,0%,2
https://inhousewellness.com/products/oval-large-300-xl-400-cart-base-with-basket,0,1,0%,2
https://inhousewellness.com/blogs/institute?page=2,0,1,0%,3
https://inhousewellness.com/collections/leisurecraft-cold-plunge,0,1,0%,3
https://inhousewellness.com/collections/sauna?page=2,0,1,0%,3
https://inhousewellness.com/products/broilmaster-stainless-steel-insulated-sleeve-26-bsasl26,0,1,0%,3
https://inhousewellness.com/products/cover-for-oval-xl-or-junior-in-compact-cart-table,0,1,0%,3
https://inhousewellness.com/products/golden-designs-gdi-8230,0,1,0%,3
"https://inhousewellness.com/products/maxxus-2-person-sauna-hemlock?currency=USD&country=US&variant=42952802762819&utm_source=google&utm_medium=cpc&utm_campaign=Google 
Shopping&stkn=eeef2d5381d0",0,1,0%,3
https://inhousewellness.com/products/maxxus-mx-k306-sauna,0,1,0%,3
"https://inhousewellness.com/products/dreampod-ice-series-cold-plunge-barrel-flex?currency=USD&country=US&variant=42952771829827&utm_source=google&utm_medium=cpc&utm_campaign=Google 
Shopping&stkn=eeef2d5381d0",0,1,0%,4
https://inhousewellness.com/products/finnmark-fd-3-sauna-cover,0,1,0%,4
"https://inhousewellness.com/products/golden-designs-zurich?currency=USD&country=US&variant=42952797093955&utm_source=google&utm_medium=cpc&utm_campaign=Google 
Shopping&stkn=eeef2d5381d0",0,1,0%,4
https://inhousewellness.com/products/maxxus-sline-elite-sauna,0,1,0%,4
https://inhousewellness.com/products/primo-large-charcoal-all-in-one,0,1,0%,4
"https://inhousewellness.com/products/products-v2-float-pod-premium-isolation-tank?currency=USD&amp;country=US&amp;variant=42952772485187&amp;utm_source=google&amp;utm_medium=cpc&amp;utm_campaign=Google 
Shopping&amp;stkn=eeef2d5381d0",0,1,0%,4
https://inhousewellness.com/products/dynamic-saunas-heming,0,1,0%,5
https://inhousewellness.com/products/harvia-cx30c-xenio-control,0,1,0%,5
https://inhousewellness.com/blogs/institute/office-massage-chair-evidence-library,0,1,0%,6
https://inhousewellness.com/blogs/saunas/costco-sauna-guide-worth-it#costco-sauna-electrical,0,1,0%,6
https://inhousewellness.com/collections/newest-products?page=5,0,1,0%,6
https://inhousewellness.com/products/broilmaster-bsb324mgp,0,1,0%,6
https://inhousewellness.com/products/saunalife-ee8g,0,1,0%,6
https://inhousewellness.com/collections/hybrid,0,1,0%,7
https://inhousewellness.com/collections/newest-products?page=10,0,1,0%,7
https://inhousewellness.com/collections/primo-grills,0,1,0%,7
https://inhousewellness.com/products/catalonia-8p-infrared-sauna,0,1,0%,7
https://inhousewellness.com/products/golden-designs-st-moritz-barrel-sauna,0,1,0%,7
https://inhousewellness.com/products/kuusamo-6-person-sauna,0,1,0%,7
https://inhousewellness.com/products/medical-frozen-8-cold-plunge,0,1,0%,7
https://inhousewellness.com/blogs/saunas/mindfulness-the-revolutionary-productivity-boost,0,1,0%,8
https://inhousewellness.com/collections/dynamic-saunas?page=2,0,1,0%,8
https://inhousewellness.com/products/finnmark-fd-5-sauna-cover,0,1,0%,8
https://inhousewellness.com/products/laguna-q-gpv3100-outdoor-island,0,1,0%,8
https://inhousewellness.com/products/maxxus-3-person-infrared-sauna-near-zero,0,1,0%,8
https://inhousewellness.com/products/narvi-30-24kw-wood-burning-sauna-stove,0,1,0%,8
https://inhousewellness.com/products/saunalife-s2-cover,0,1,0%,8
https://inhousewellness.com/collections/cold-plunge-favorites,0,1,0%,9
https://inhousewellness.com/products/cal-flame-paradise-outdoor-entertainment-center,0,1,0%,9
https://inhousewellness.com/products/dynamic-ultra-low-emf-sauna,0,1,0%,9
https://inhousewellness.com/products/golden-designs-6-person-traditional-sauna,0,1,0%,9
https://inhousewellness.com/products/narvi-luosto-vs-16kw-wood-burning-sauna-stove,0,1,0%,9
https://inhousewellness.com/products/engelberg-6-person-sauna,0,1,0%,10
https://inhousewellness.com/products/golden-designs-infrared-himalayan,0,1,0%,10
https://inhousewellness.com/products/golden-designs-monaco-limited,0,1,0%,10
https://inhousewellness.com/products/harvia-m3-bk-sm-flk-pkg-16-5kw-wood-sauna-stove-package,0,1,0%,10
https://inhousewellness.com/products/maxxus-s206-elite-sauna,0,1,0%,10
https://inhousewellness.com/products/narvi-luosto-16kw-wood-burning-sauna-stove,0,1,0%,10
"https://inhousewellness.com/products/ripavi-tauko-finish-sauna?currency=USD&country=US&variant=42952792670275&utm_source=google&utm_medium=cpc&utm_campaign=Google 
Shopping&stkn=eeef2d5381d0",0,1,0%,10
https://inhousewellness.com/products/thermasol-twph1410us,0,1,0%,10
https://inhousewellness.com/collections/chimney-option,0,1,0%,11
https://inhousewellness.com/products/cal-flame-bbq-island-tropical,0,1,0%,11
https://inhousewellness.com/products/cozy-tw-thru-wall-stove,0,1,0%,11
https://inhousewellness.com/products/delta-steamscape-5kw,0,1,0%,11
https://inhousewellness.com/products/harvia-m3-ss-md-flk-pkg-16-5kw-wood-sauna-stove-package,0,1,0%,11
https://inhousewellness.com/products/finnmark-fd-1-sauna-cushion,0,1,0%,16
"https://inhousewellness.com/products/dreampod-home-float-plus?currency=USD&amp;country=US&amp;variant=42952772386883&amp;utm_source=google&amp;utm_medium=cpc&amp;utm_campaign=Google 
Shopping&amp;stkn=eeef2d5381d0",0,1,0%,18
"https://inhousewellness.com/products/dreampod-mineral-soaker?currency=USD&amp;country=US&amp;variant=42952772714563&amp;utm_source=google&amp;utm_medium=cpc&amp;utm_campaign=Google 
Shopping&amp;stkn=eeef2d5381d0",0,1,0%,18
https://inhousewellness.com/collections/red-light-therapy?page=3,0,1,0%,20
"https://inhousewellness.com/collections/saunas?filter.p.m.custom.capacity_=4 
Person&filter.p.m.custom.style=Traditional&view=grid",0,1,0%,24
https://inhousewellness.com/products/natural-finish-13-unglazed,0,1,0%,42
https://inhousewellness.com/products/cozy-fire-iron-firepit,0,1,0%,47
https://inhousewellness.com/products/broilmaster-rotisserie-kit-26-inch-stainless-gas-grill-accessory,0,1,0%,49
https://inhousewellness.com/products/huum-hive-flow-9-8kw-wood-sauna-stove,0,1,0%,52
https://inhousewellness.com/collections/sauna-heaters?page=3,0,1,0%,53
https://inhousewellness.com/products/huum-stones-24-small,0,1,0%,54
https://inhousewellness.com/products/metal710b-black-metal-roof,0,1,0%,54
https://inhousewellness.com/products/thermasol-wh14sp10s,0,1,0%,54
https://inhousewellness.com/products/cozy-heat-sauna-stones,0,1,0%,55
https://inhousewellness.com/products/harvia-r-991-sauna-stones,0,1,0%,55
https://inhousewellness.com/products/primo-all-in-one-large-round-ceramic-kamado-charcoal-grill,0,1,0%,55
https://inhousewellness.com/products/golden-designs-narvick,0,1,0%,56
https://inhousewellness.com/products/wellness-advantage,0,1,0%,63
https://inhousewellness.com/products/cardoba-2person-sauna,0,1,0%,74
https://inhousewellness.com/products/dynamic-saunas-heming?_pos=26&_sid=0c600d808&_ss=r,0,1,0%,75
https://inhousewellness.com/products/huum-uku-gold-controller,0,1,0%,88