Top queries,Clicks,Impressions,CTR,Position
german sauna,37,9164,0.4%,5.9
life trend cold plunge,10,591,1.69%,6.87
arcadia 2 person sauna,10,329,3.04%,4.66
arcadia sauna,9,202,4.46%,5.14
arcadia two person sauna,7,361,1.94%,4.83
lifetrend cold plunge,6,899,0.67%,6.88
german sauna culture,4,134,2.99%,7.01
lifetrend classic cold plunge with chiller system,4,113,3.54%,6.21
german saunas,3,507,0.59%,6.47
lifetrend cold plunge costco,3,475,0.63%,7.65
lifetrend classic cold,3,221,1.36%,4.78
german sauna etiquette,3,167,1.8%,8.53
lifetrend solitude integrated cold plunge & hot soak tub,3,39,7.69%,5.46
what is a german sauna,2,1011,0.2%,3.78
costco sauna,2,371,0.54%,9.21
lifetrend cold plunge review,2,147,1.36%,5.18
lifetrend,2,137,1.46%,8.12
life trend cold plunge reviews,2,72,2.78%,5.81
lifetrend classic cold plunge and chiller system,2,62,3.23%,6.97
dynamic saunas reviews,2,43,4.65%,10
cosarc64ru,2,21,9.52%,2.86
yes please,2,8,25%,6.62
heavenly heat sauna,1,417,0.24%,8.25
almost heaven arcadia 2-person outdoor barrel sauna,1,225,0.44%,7.41
sauna alemana,1,200,0.5%,4.92
dynamic sauna reviews,1,183,0.55%,10.48
lifetrend cold plunge tub and chiller system,1,140,0.71%,8.04
sauna germany,1,138,0.72%,11.62
homedics premium steam sauna,1,117,0.85%,10.15
arcadia 2 person sauna costco,1,114,0.88%,7.86
arcadia sauna costco,1,100,1%,8.4
costco lifetrend cold plunge,1,99,1.01%,8.16
best inflatable cold plunge,1,95,1.05%,27.12
sauna german,1,76,1.32%,5.51
heavenly heat,1,72,1.39%,9.74
dreampod sauna,1,71,1.41%,16.7
german sauna experience,1,70,1.43%,5.97
costco saunas,1,69,1.45%,10.75
almost heaven arcadia sauna,1,59,1.69%,6.02
costco infrared sauna,1,58,1.72%,12
nurecover sauna reviews,1,57,1.75%,10.25
costco steam sauna,1,56,1.79%,9.27
arcadia two person sauna reviews,1,49,2.04%,4.33
costco arcadia sauna,1,49,2.04%,8.69
homedics steam sauna crm,1,43,2.33%,9.09
almost heaven arcadia 2 person sauna,1,42,2.38%,7.93
german sayna,1,33,3.03%,7.45
sisu sauna reviews,1,32,3.12%,9.28
life trend classic cold plunge and chiller system,1,27,3.7%,7.22
lifetrend chiller,1,26,3.85%,8.04
arcadia 2-person sauna costco,1,25,4%,7.64
traditional german sauna,1,24,4.17%,3.71
lifetrend solitude integrated cold plunge,1,22,4.55%,4.95
arcadia saunas,1,19,5.26%,4.63
lifetrend cold plunge costco review,1,17,5.88%,6.76
arcadia 2 person sauna costco reviews,1,16,6.25%,4.12
homedics sauna costco review,1,15,6.67%,6.4
nure cover sauna review,1,14,7.14%,8.93
costco sauna dimensions,1,14,7.14%,9.43
yes,1,13,7.69%,4.92
life trend solitude cold plunge,1,12,8.33%,5.17
ripavi,1,11,9.09%,4.82
life trend cold plunge review,1,11,9.09%,5.09
acadia sauna costco,1,11,9.09%,7.36
scandia sauna wood oil,1,10,10%,9.9
lifetrend cold plunge and chiller system,1,9,11.11%,7.33
germany sauna culture,1,7,14.29%,6.14
lifetrend ice bath,1,7,14.29%,7.57
dynamic infrared sauna reviews,1,7,14.29%,11.57
almost heaven arcadia 2 person,1,6,16.67%,5.67
homedics portable steam sauna costco,1,6,16.67%,9.83
homedics premium steam sauna review,1,3,33.33%,7.33
inhouse wellness,1,2,50%,1
best 2 person infrared sauna for home,1,2,50%,1.5
finnmark fd2,1,2,50%,2
saunas,1,2,50%,3.5
are there any for sale,1,1,100%,1
rolling hot tub cover,1,1,100%,1
from costco,1,1,100%,2
how much floor space does it require?,1,1,100%,2
walk in,1,1,100%,2
arcadia,1,1,100%,4
comparing to others,1,1,100%,12
dynamic tuscany 2 person sauna reviews,1,1,100%,16
sauna metal roof,1,1,100%,18
what are german saunas,0,1765,0%,4.77
finnmark fd-1 full spectrum 1-person infrared sauna,0,1061,0%,29.32
"harvia legend pkg blk harvia legend package, legend 150 stove, protective 
bedding, protective sheath, chimney kit, chimney extension, stones",0,843,0%,25.9
is nurecover.com a beauty brand,0,688,0%,11.02
harvia pro 20 deluxe wood burning stove kit – stainless steel,0,655,0%,42.52
dundalk leisurecraft georgian cabin 2-6 person outdoor sauna,0,615,0%,29.28
germany sauna,0,377,0%,9.62
whats a german sauna,0,275,0%,3.87
dynamic saunas,0,220,0%,10.17
german suana,0,217,0%,5.98
low emf infrared sauna,0,187,0%,18.59
german sauna rules,0,162,0%,9.22
sauna in germany,0,156,0%,13.12
german sauna meaning,0,128,0%,4.34
a german sauna,0,128,0%,6.57
low emf sauna,0,127,0%,20.84
homedics saunazen portable steam sauna review,0,120,0%,10.13
what's a german sauna,0,118,0%,4.06
heavenly heat google listing donald or,0,110,0%,9.94
ultra low emf infrared sauna,0,102,0%,51
scandia sauna,0,100,0%,22.08
sisu saunas,0,99,0%,14.43
arcadia two person sauna costco,0,98,0%,8.44
no emf infrared sauna,0,97,0%,19.53
dynamic cordoba elite 2-person ultra-low emf far infrared sauna,0,96,0%,20.86
german sauna nude,0,83,0%,7.93
costco sauna review,0,83,0%,10.86
what happens in a german sauna,0,82,0%,4.41
home sauna costco,0,81,0%,9.16
german suna,0,78,0%,5.56
"almost heaven audra 2-4 person canopy barrel sauna, 6×5 1 ft. – 1 ft. porch",0,78,0%,18.55
heavenly heat saunas,0,76,0%,13.03
how to verify zero emfs in an infrared sauna before purchase?,0,74,0%,6.16
sisu sauna,0,74,0%,12.11
harvia sauna stoves,0,74,0%,56.15
german sana,0,68,0%,6.51
best inflatable cold plunges,0,68,0%,34.12
dynamic infrared sauna review,0,64,0%,15.12
cold plunge vs sauna vs red light therapy,0,62,0%,9.74
costco sauna price,0,62,0%,10.35
the plunge vs polar monkeys cold plunge,0,62,0%,14.52
german sona,0,61,0%,7.69
huum heaters,0,60,0%,56.97
polar monkeys cold plunge review,0,59,0%,15.63
scandia manufacturing bathtub,0,59,0%,22.59
cozy heat sauna stoves,0,59,0%,29.02
german souna,0,58,0%,5.55
cozy sauna,0,58,0%,31.29
sauna costco,0,56,0%,11.29
6 person traditional sauna,0,56,0%,59.98
huum heater,0,56,0%,60.07
harvia sauna heaters,0,55,0%,54.16
harvia sauna,0,55,0%,57.42
costco arcadia 2 person sauna,0,54,0%,8.06
hybrid sauna costco,0,53,0%,8.15
costco saunas for sale,0,53,0%,9.45
6 person indoor sauna,0,53,0%,52.45
saunas in germany,0,52,0%,11.98
costco barrel sauna,0,50,0%,19.92
barrel sauna costco,0,49,0%,17.41
austin white glove delivery,0,48,0%,56.54
germans sauna,0,47,0%,6.32
lifetrend classic cold plunge,0,45,0%,6.47
dynamic venice sauna,0,45,0%,40.36
dyn 6336 02,0,45,0%,51.62
homedics sauna costco,0,44,0%,9.25
what is german sauna,0,43,0%,3.93
germany suana,0,43,0%,6.98
himalayan salt wall panel,0,43,0%,41.67
5 person infrared sauna,0,43,0%,65.44
getman sauna,0,42,0%,6.62
thermasol,0,42,0%,28.98
dreampod,0,42,0%,35.1
redwood outdoor alaskan cold plunge review,0,42,0%,44.4
commercial sauna,0,42,0%,60.14
golden designs,0,41,0%,52.68
custom himalayan salt walls for saunas,0,41,0%,56.07
lifetrend solitude,0,40,0%,6.03
deutsche sauna,0,40,0%,6.42
dynamic sauna,0,40,0%,13.05
near zero emf sauna,0,40,0%,15.18
6 person sauna,0,40,0%,45.2
cold plunge tub outdoor,0,40,0%,55.35
how to choose a zero-emf infrared sauna for sensitive or reactive skin?,0,39,0%,7.33
salt wall panel,0,38,0%,42.29
maxxus sauna,0,38,0%,48.5
huum sauna heater,0,38,0%,66.87
almost heaven arcadia,0,37,0%,5.16
near zero emf infrared saunas,0,37,0%,17.95
huum sauna heaters,0,37,0%,50.32
portable steam sauna costco,0,36,0%,9.86
germen sauna,0,34,0%,5.79
life trend classic cold plunge,0,34,0%,6.5
german sanua,0,34,0%,7.06
nurecover tropic home steam sauna,0,34,0%,8.59
duckboard flooring and ramps,0,34,0%,34.15
arcadia sauna reviews,0,33,0%,4.45
germansauna,0,33,0%,6.67
scandia gas sauna heater,0,33,0%,32.18
dynamic vila sauna,0,33,0%,38.18
finnmark sauna,0,33,0%,52.58
outdoor cold plunge tub,0,32,0%,52.03
german sauna.,0,31,0%,7.35
nude german sauna,0,31,0%,7.68
sisu crew cabin sauna,0,31,0%,10.13
in home sauna seymour,0,31,0%,29.23
finnmark sauna designs,0,31,0%,45.19
commercial infrared saunas,0,31,0%,51.58
huum drop 9kw,0,31,0%,58.42
alternatives to dynamic barcelona,0,30,0%,7.33
german public sauna,0,30,0%,8.67
sauna emf levels,0,30,0%,20.67
site:inhousewellness.com,0,30,0%,21.67
scandia electric sauna heaters,0,30,0%,26.73
cold plunge infrared sauna therapy,0,30,0%,33.1
in home sauna sevierville,0,30,0%,33.1
cozy wood heater,0,30,0%,41.57
finnmark designs saunas,0,30,0%,41.57
saunalife cl3g 2 person outdoor cube sauna,0,30,0%,51.2
what is a german sauna?,0,29,0%,3.45
sauna meaning in german,0,29,0%,7.41
costco life trend cold plunge,0,29,0%,7.9
nurecover reviews,0,29,0%,11.28
huum 9kw sauna heaters,0,29,0%,58.72
allen tx cold plunge installer,0,29,0%,83.31
arcadia 2 person sauna reviews,0,28,0%,4.36
arcadia sauna costco reviews,0,28,0%,6.18
nurecover.com android app,0,28,0%,11.57
no emf sauna,0,28,0%,17.07
himalayan salt wall panels,0,28,0%,36.57
himalayan salt wall,0,28,0%,44.57
sauna for home sevierville,0,28,0%,46.5
harvia heater,0,28,0%,47.46
sauna commercial,0,28,0%,48.93
dundalk leisurecraft luna sauna,0,28,0%,63.07
indoor infrared sauna,0,28,0%,64
heavenly heat infrared sauna,0,27,0%,11.11
germany saunas,0,27,0%,11.37
home sauna sevierville,0,27,0%,36
dundalk leisurecraft,0,27,0%,36.41
in home sauna maryville,0,27,0%,40.26
finnmark saunas,0,27,0%,55.63
german sauna naked,0,26,0%,8.27
santiago 2 person ultra low sauna,0,26,0%,9.5
near zero emf infrared sauna,0,26,0%,12.88
salt wall panels,0,26,0%,36.58
himalayan salt walls accessories,0,26,0%,37.12
in home sauna gatlinburg,0,26,0%,38.42
finnmark sauna durham,0,26,0%,49.85
huum sauna heater usa,0,26,0%,57.42
in home sauna knoxville,0,26,0%,60.96
6 persons sauna,0,26,0%,69.15
what is sauna in germany,0,25,0%,4.4
almost heaven arcadia 2-person outdoor barrel sauna reviews,0,25,0%,6.68
lifetrend cold plunge filter,0,25,0%,7.4
sensory deprivation tank,0,25,0%,7.64
lifetrend cold plunge tub,0,25,0%,8.12
homedics premium steam sauna reviews,0,25,0%,8.8
dynamic santiago 2-person full spectrum infrared sauna,0,25,0%,10.48
low emf saunas,0,25,0%,22.88
sauna heater package,0,25,0%,48.2
home sauna knoxville,0,25,0%,63.2
luna sauna,0,25,0%,70.44
costco homedics sauna,0,24,0%,9.25
dynamic santiago elite 2-person infrared sauna,0,24,0%,11.29
red light cabin,0,24,0%,21.75
finnmark sauna reviews,0,24,0%,28.42
red light therapy cabin,0,24,0%,31.62
in home sauna dandridge,0,24,0%,34.62
dundalk leisure craft saunas,0,24,0%,42.71
huum heater package,0,24,0%,49.38
dundalk leisurecraft luna sauna with porch,0,24,0%,68.17
nurecover sauna,0,23,0%,8.22
costco traditional sauna,0,23,0%,9.09
home sauna maryville,0,23,0%,34.13
isolation pod for sale,0,23,0%,40.52
harvia 8kw electric sauna heater,0,23,0%,60.26
acadia 2 person sauna,0,22,0%,5.55
german sauna women,0,22,0%,6.95
barrel sauna roof,0,22,0%,22.05
indoor wellness,0,22,0%,28.14
custom himalayan salt walls,0,22,0%,43.09
himalayan salt wall for saunas,0,22,0%,49.68
indoor hot tub,0,22,0%,51.45
huum hive mini heaters,0,22,0%,53.91
huum,0,22,0%,58.5
german saina,0,21,0%,7.14
german spa etiquette,0,21,0%,7.76
does costco sell saunas,0,21,0%,8.05
costco cold plunge lifetrend,0,21,0%,8.43
santiago ultra low sauna,0,21,0%,8.86
homedics sauna,0,21,0%,11.48
outdoor kitchens la jolla,0,21,0%,26.57
commercial infrared sauna,0,21,0%,42.71
lifetrend classic cold plunge w/chiller p3 cold plunge,0,20,0%,5.3
german nude sauna,0,20,0%,7.15
acadia sauna,0,20,0%,7.75
steam sauna costco,0,20,0%,9.05
dynamic sauna review,0,20,0%,10.35
"is it where to buy an at-home infrared sauna with zero emfs and skincare 
benefits?",0,20,0%,10.8
scandia sauna heater,0,20,0%,43.35
3 person corner sauna,0,20,0%,56.1
commercial saunas,0,20,0%,69.7
dynamic tuscany 2 person sauna,0,19,0%,2.68
sauna in german,0,19,0%,6.95
what do people do in a german sauna,0,19,0%,7.32
german mixed sauna,0,19,0%,8.47
are costco saunas good,0,19,0%,10.89
sauna life,0,19,0%,13.32
cold plunge temperature,0,19,0%,68.16
acadia two person sauna,0,18,0%,5.11
german saun,0,18,0%,5.17
german saunas women,0,18,0%,6.94
lifetrend cold plunge with chiller,0,18,0%,7
naked german sauna,0,18,0%,8
in house sauna costco,0,18,0%,9.44
sauna etiquette germany,0,18,0%,9.94
indoor sauna costco,0,18,0%,10.44
costco cold plunge,0,18,0%,13.44
emf free infrared sauna,0,18,0%,22.89
steamscape,0,18,0%,25.06
dynamic monaco sauna,0,18,0%,36.56
mini pod sauna,0,18,0%,62.28
what a german sauna,0,17,0%,3.59
arcadia barrel sauna,0,17,0%,3.82
arcadia two-person sauna,0,17,0%,4.41
german sanna,0,17,0%,5.47
sauna culture in germany,0,17,0%,7.35
life trend cold plunge costco,0,17,0%,7.82
costco infrared sauna reviews,0,17,0%,8.47
nurecover tropic home sauna,0,17,0%,9.88
infrared sauna costco,0,17,0%,12.24
heavenly sauna,0,17,0%,21.06
2 person sauna dimensions,0,17,0%,23.35
dreampod float tank,0,17,0%,29.12
dynamic maxxus sauna,0,17,0%,33.76
low emf infrared sauna for sale,0,17,0%,50.59
harvia 8kw sauna heater,0,17,0%,53.53
smart red light therapy panel,0,17,0%,65.18
home sauna knoxville tn,0,17,0%,73.12
what is the german sauna,0,16,0%,3.06
real german sauna,0,16,0%,4.94
inhouse sauna,0,16,0%,6.88
traditional sauna costco,0,16,0%,8.94
textile free sauna meaning,0,16,0%,9.19
are german saunas coed,0,16,0%,9.81
"is it which emf-free infrared sauna models come with integrated red light 
therapy panels?",0,16,0%,10.12
nure cover sauna reviews,0,16,0%,10.69
sisu sauna cost,0,16,0%,11.19
polar monkeys vs plunge,0,16,0%,14.12
polar monkey cold plunge,0,16,0%,16.5
zero emf,0,16,0%,23.31
"almost heaven shenandoah 4-6 person barrel sauna, 7×10 ft. w/ changing room",0,16,0%,28.81
home wellness cabin,0,16,0%,28.88
outdoor luna sauna,0,16,0%,66.94
helios massage,0,15,0%,5.8
life trend chiller,0,15,0%,5.93
what do people do in german saunas,0,15,0%,6.47
costco sauna reviews,0,15,0%,7.87
costco lifetrend,0,15,0%,8
lifetrend costco,0,15,0%,8.47
alternatives to dynamic saunas,0,15,0%,8.6
costco arcadia two person sauna,0,15,0%,8.67
lifetrend cold plunge filter replacement,0,15,0%,8.8
what's the best infrared sauna for a gym recovery room?,0,15,0%,11.27
2 person infrared sauna dimensions,0,15,0%,16.93
cal flame outdoor kitchen,0,15,0%,22.07
2 person infrared sauna,0,15,0%,25.47
himalayan salt panels,0,15,0%,35.4
cold plunge for homeowners,0,15,0%,234.07
dynamic barcelona alternatives,0,14,0%,1
what’s a german sauna,0,14,0%,3.5
german sauba,0,14,0%,6.14
german sauna inside,0,14,0%,7.29
homedics steam sauna reviews,0,14,0%,9.43
sauna in germany rules,0,14,0%,9.71
what is a textile free sauna,0,14,0%,9.71
portable steam room costco,0,14,0%,9.93
costco dry sauna,0,14,0%,10
full spectrum infrared sauna costco,0,14,0%,10.29
plunge vs polar monkey,0,14,0%,13.36
dynamic santiago sauna,0,14,0%,13.86
cold plunge vs polar monkey,0,14,0%,15.14
kip6,0,14,0%,38.71
in home sauna pigeon forge,0,14,0%,46.21
sauna,0,13,0%,3.69
german sauna traditions,0,13,0%,3.92
what is a german sana,0,13,0%,4.23
costco lifetrend cold plunge review,0,13,0%,5.77
sauna allemand,0,13,0%,5.85
german sauma,0,13,0%,6
what does a german sauna look like,0,13,0%,6
life trend ice bath,0,13,0%,7.85
people in german sauna,0,13,0%,8
germany sauna no towel,0,13,0%,8.92
how to finance a zero-emf infrared sauna for home use?,0,13,0%,9.15
helios massage chair,0,13,0%,10.62
"which emf-free infrared sauna models come with integrated red light therapy 
panels?",0,13,0%,11.08
nurecover,0,13,0%,17.69
what is a low emf sauna,0,13,0%,20.38
low emf far infrared sauna,0,13,0%,23.31
outdoor sauna venice,0,13,0%,25.77
broilmaster p3sx,0,13,0%,39.69
backyard cold plunge,0,13,0%,53.69
costco sauna sale,0,12,0%,3.83
nurecover sauna dimensions,0,12,0%,5
polar plunge tub,0,12,0%,5.58
germer sauna,0,12,0%,5.67
costco cold plunge review,0,12,0%,6.42
costco cold plunge reviews,0,12,0%,6.58
lifetrend cold plunge reviews,0,12,0%,6.58
dynamic saunas review,0,12,0%,7.67
almost heaven arcadia sauna reviews,0,12,0%,7.83
costco steam sauna review,0,12,0%,8
what do you do in a german sauna,0,12,0%,8
homedics sauna review,0,12,0%,8.25
lifetrend cold plunge tub and chiller,0,12,0%,8.42
heavenly heat yelp donald or,0,12,0%,8.67
german mixed bath,0,12,0%,9.58
home sauna kit costco,0,12,0%,10.25
costco infrared saunas,0,12,0%,11.08
is nurecover sauna good,0,12,0%,11.17
heavenly heat sauna reviews,0,12,0%,11.58
saunas germany,0,12,0%,13.75
home sauna seymour,0,12,0%,30.92
himalayan salt walls,0,12,0%,38.33
dynamic saunas maxxus 3,0,12,0%,41.33
sauna maintenance cost,0,12,0%,44.58
dundalk leisurecraft sauna,0,12,0%,56.67
harvia kip sauna heater,0,12,0%,61.75
wat is een german sauna,0,11,0%,1.91
dynamic saunas tuscany,0,11,0%,3.64
germán sauna,0,11,0%,4.82
german suanas,0,11,0%,5.27
german dauna,0,11,0%,5.91
german sauna real,0,11,0%,5.91
lifetrend cold plunge tub and chiller system reviews,0,11,0%,6.09
german unisex sauna,0,11,0%,6.64
what does textile free sauna mean,0,11,0%,7.09
german bath house,0,11,0%,8.27
2 person sauna,0,11,0%,8.55
cosco sauna,0,11,0%,8.73
textile free meaning,0,11,0%,8.91
ncrovoapex reviews,0,11,0%,9.82
costco tent sauna,0,11,0%,9.91
best inflatable cold plunge tub,0,11,0%,10
dynamic santiago,0,11,0%,10.36
costco portable steam sauna,0,11,0%,10.73
1 person sauna costco,0,11,0%,10.91
dreampod v2,0,11,0%,10.91
dynamic santiago 2 person low emf far infrared sauna,0,11,0%,12.73
2 person sauna therapy,0,11,0%,18
truelight,0,11,0%,48.45
cold plunge temperature and time,0,11,0%,74.55
sisu barrel sauna,0,10,0%,5.6
sauna alemán,0,10,0%,5.8
germam sauna,0,10,0%,6.1
lifetrend cold plunge chiller,0,10,0%,6.2
german sauana,0,10,0%,6.3
what is a german sauna look like,0,10,0%,6.9
dynamic santiago sauna reviews,0,10,0%,8.3
nurecover tropic,0,10,0%,8.5
sisu cabin sauna,0,10,0%,8.5
sauna kits costco,0,10,0%,8.6
inside german sauna,0,10,0%,9
costco 2 person sauna,0,10,0%,9.1
costco 2028780,0,10,0%,9.2
costco sauna outdoor,0,10,0%,10.1
germany public sauna,0,10,0%,10.3
"how to install a zero-emf sauna in a bathroom or utility room without 
electrical concerns?",0,10,0%,10.3
homemedic sauna,0,10,0%,10.6
dynamic santiago 2 person sauna,0,10,0%,11.5
polar monkey vs plunge,0,10,0%,13.1
infrared sauna for muscle recovery,0,10,0%,18.6
naked sauna germany,0,10,0%,20.9
sauna shingles,0,10,0%,22.9
cold plunge studio vs buying,0,10,0%,24.7
simplesteam,0,10,0%,24.7
dream pod,0,10,0%,43
indoor infrared saunas,0,10,0%,57.8
"best harvia pro 50 (wk500) wood-burning sauna stove | ultimate 2027 
commercial sauna heater",0,10,0%,58.7
wellness saunas,0,10,0%,63.1
true light,0,10,0%,64.2
cold plunge temp,0,10,0%,66.8
infrared sauna indoor,0,10,0%,68.8
what happens in german saunas,0,9,0%,4.67
germsn sauna,0,9,0%,5.22
garman sauna,0,9,0%,5.44
tropic home sauna red-light,0,9,0%,6.44
tropical sauna,0,9,0%,6.44
homedics premium portable steam sauna reviews,0,9,0%,6.78
dreampod reviews,0,9,0%,8.22
dynamic saunas tuscany reviews,0,9,0%,8.67
lifetrend cold plunge and chiller,0,9,0%,8.89
"should a medical practice choose a low-emf sauna over a standard infrared 
model?",0,9,0%,8.89
are dynamic saunas good,0,9,0%,9
sisu charlie cabin sauna,0,9,0%,9.22
top infrared sauna brands for accessible commercial spaces,0,9,0%,9.22
german sauna with people inside,0,9,0%,9.89
coatco sauna,0,9,0%,10.11
dreampod home float pro,0,9,0%,10.11
homedics steam sauna costco,0,9,0%,10.11
nurecover steam sauna reviews,0,9,0%,10.44
dry sauna costco,0,9,0%,10.89
why do germans love saunas,0,9,0%,10.89
dynamic santiago elite 2 person infrared sauna,0,9,0%,11.22
nurecover sauna review,0,9,0%,11.22
premium steam sauna,0,9,0%,11.78
german spa experience,0,9,0%,12.11
heavenly heat eco sauna,0,9,0%,13.56
golden designs sauna review,0,9,0%,14.67
finnmark fd-2,0,9,0%,17
wellness installation,0,9,0%,18.56
scandia propane sauna heater,0,9,0%,27.44
maxxus saunas,0,9,0%,28.44
maxxus,0,9,0%,35.89
cold heat system with wifi,0,9,0%,42.33
dynamic lugano 3-person low emf far infrared sauna,0,9,0%,43.22
sauna low emf,0,9,0%,56.89
huum controller,0,9,0%,60.67
commercial sauna room,0,9,0%,70
corner personal sauna for sale texas,0,9,0%,75.78
sauna near me,0,8,0%,3.38
dynamic tuscany sauna,0,8,0%,3.75
deutsch sauna,0,8,0%,4.62
ja,0,8,0%,5
what is textile free sauna,0,8,0%,5.62
geman sauna,0,8,0%,5.88
people in a german sauna,0,8,0%,6.12
european sauna etiquette,0,8,0%,6.62
dreampod v2 float pod,0,8,0%,6.88
german sauna vs other saunas,0,8,0%,7.62
sauna for sale costco,0,8,0%,8
what do they do in german saunas,0,8,0%,8.62
costco sauna indoor,0,8,0%,9.12
homedics portable steam sauna review,0,8,0%,9.25
homedics premium steam sauna costco,0,8,0%,9.62
which companies make the best wheelchair-accessible saunas for businesses?,0,8,0%,10.12
sauna rules in germany,0,8,0%,10.25
homedics premium sauna,0,8,0%,10.38
home saunas costco,0,8,0%,10.75
sauna etiquette in germany,0,8,0%,10.75
costco sauna for sale,0,8,0%,11.38
2 person electric sauna,0,8,0%,13.5
outdoor sauna costco,0,8,0%,15.88
infrared sauna for athletes,0,8,0%,22.25
cedar sauna duckboard,0,8,0%,23.25
barrel sauna roof kit,0,8,0%,29.25
medical breakthrough massage chair,0,8,0%,31.62
2 person or sauna,0,8,0%,32.12
huum hive wood 17,0,8,0%,41.25
sauna for home maryville,0,8,0%,48.12
leisurecraft sauna nj,0,8,0%,49
commercial home saunas,0,8,0%,63.25
3 person saunas spring tx,0,8,0%,66.88
red light sauna,0,8,0%,68
niemiecka sauna co to,0,7,0%,1.86
what does german sauna mean,0,7,0%,2.71
dynamic sauna costco,0,7,0%,3
what is a german suana,0,7,0%,3.29
herman sauna,0,7,0%,4.14
what do they do in a german sauna,0,7,0%,4.86
"commercial series grill and griddle combo stainless steel 4 -burner 
infrared liquid propane and natural gas grill 1 -side burner",0,7,0%,5.14
german saunna,0,7,0%,5.43
almost heaven arcadia 2 person outdoor barrel sauna,0,7,0%,6.14
almost heaven arcadia 2-person outdoor barrel sauna review,0,7,0%,6.29
german sauna ritual,0,7,0%,6.57
inhouse,0,7,0%,6.57
german naked sauna,0,7,0%,7
alternatives to dynamic avila elite,0,7,0%,7.14
costco portable sauna review,0,7,0%,8.57
costco sauna installation,0,7,0%,8.71
germany sauna rules,0,7,0%,9.14
saună germană,0,7,0%,9.57
costco indoor sauna,0,7,0%,9.71
german public bath,0,7,0%,9.71
costco suana,0,7,0%,9.86
costco 2 person sauna review,0,7,0%,10.57
heavenly heat sauna review,0,7,0%,10.86
infrared saunas at costco,0,7,0%,11.29
at home sauna costco,0,7,0%,11.43
low emf infrared sauna costco,0,7,0%,11.86
dynamic santiago 2-person low emf far infrared sauna,0,7,0%,12.43
dynamic saunas santiago,0,7,0%,13.29
heavenly saunas,0,7,0%,14.14
finnmark designs,0,7,0%,14.71
european sauna,0,7,0%,15.86
lowest emf infrared sauna,0,7,0%,16
temperature therapy,0,7,0%,17.71
homedics spa,0,7,0%,18.14
truelight red light therapy,0,7,0%,20.71
polar monkeys,0,7,0%,22.43
elite white glove service,0,7,0%,23.57
infrared saunas for recovery,0,7,0%,24.29
axxonn rectangular tile top fire pit,0,7,0%,26.14
medical sauna,0,7,0%,29.43
medical massage chair for senior living,0,7,0%,32.71
sauna wellness,0,7,0%,36.86
dynamic gracia 1 2 person low emf far infrared sauna,0,7,0%,37.29
primo kamado denver,0,7,0%,39.14
huum uku controller,0,7,0%,47.86
thermasol solar,0,7,0%,49.43
salt wall,0,7,0%,51.14
8kw sauna heater,0,7,0%,55.71
ideal cold plunge temperature for beginners,0,7,0%,73.57
red infrared sauna,0,7,0%,79.14
best costco sauna,0,6,0%,2.17
german sauna photos,0,6,0%,2.17
arcadia two person sauna review,0,6,0%,2.67
dynamic sauna tuscany,0,6,0%,3.33
german sawna,0,6,0%,4.17
e8g,0,6,0%,4.83
que es una sauna alemana,0,6,0%,4.83
what's the best accessible sauna for a gym or spa?,0,6,0%,4.83
which emf-free sauna supports healing & recovery after athletic training?,0,6,0%,5
sauna alemana mujeres,0,6,0%,5.67
dynamic avila elite alternatives,0,6,0%,5.83
what's the best wheelchair-accessible sauna for a medical office?,0,6,0%,7
lifetrend cold plunge costco reviews,0,6,0%,7.33
was ist eine deutsche sauna,0,6,0%,7.33
lifetrend cold.plunge,0,6,0%,7.5
homedic sauna,0,6,0%,7.83
polar monkeys cold plunge,0,6,0%,7.83
what do wellness experts recommend for a low-emf commercial sauna?,0,6,0%,7.83
getman sanua,0,6,0%,8
does costco sell infrared saunas,0,6,0%,8.17
costco saunas indoor,0,6,0%,8.33
sisu lifestyle sauna,0,6,0%,8.33
cleveland clinic cold plunge how long temperature,0,6,0%,8.67
frozen 9,0,6,0%,8.67
sisu sauna review,0,6,0%,8.83
sauna kit costco,0,6,0%,9.5
heavenly heat hybrid sauna,0,6,0%,9.83
textilfrei sauna,0,6,0%,9.83
best inflatable cold plunge with chiller,0,6,0%,10
costco home sauna,0,6,0%,10.17
saunas in germany etiquette,0,6,0%,10.67
german sauna in gym,0,6,0%,10.83
personal sauna costco,0,6,0%,10.83
german sauna at the gym,0,6,0%,11
dynamic santiago 2 person low emf far infrared sauna reviews,0,6,0%,11.17
in home sauna costco,0,6,0%,12.17
maxxus filialen,0,6,0%,13
nucover sauna,0,6,0%,13.83
arcadia costco,0,6,0%,14.17
2 person ir sauna,0,6,0%,15.67
homedics steam sauna,0,6,0%,15.83
lowest emf sauna,0,6,0%,21.33
best 2 person sauna,0,6,0%,21.83
steam sauna venice,0,6,0%,28.5
dry saunas venice,0,6,0%,29.83
cozy heat sauna heater,0,6,0%,30.33
scandia saunas,0,6,0%,31.67
scandia gas heater,0,6,0%,33.5
finnmark fd-4 trinity,0,6,0%,42.5
floatation tank for sale,0,6,0%,42.83
dynamic cold therapy inflatable cold plunge tub,0,6,0%,43.33
home wellness inc,0,6,0%,43.83
float tank for sale,0,6,0%,45.17
indoor health and wellness,0,6,0%,45.17
commercial sauna for clinics,0,6,0%,47.33
dundalk leisure craft,0,6,0%,50.33
venice sauna,0,6,0%,50.33
saunalife cl3g,0,6,0%,52
sauna store tomball,0,6,0%,54.33
ice tubs,0,6,0%,55.5
floating pod price,0,6,0%,56.33
chill pod,0,6,0%,60.33
shower steam heads,0,6,0%,60.33
commercial sauna for day spa,0,6,0%,63.17
sauna for home knoxville,0,6,0%,65
commercial sauna for sale,0,6,0%,66.17
huum wifi controller,0,6,0%,66.17
cold plunge temp and time,0,6,0%,78
home sauna dandridge,0,6,0%,98.83
dynamic infrared sauna,0,5,0%,2.4
costco sauna canada,0,5,0%,2.6
german sauna mixed gender,0,5,0%,4.4
gwrman sauna,0,5,0%,4.6
2-person sauna costco,0,5,0%,4.8
lifetrend classic cold plunge tub with chiller,0,5,0%,5.6
alternatives to sunray saunas,0,5,0%,5.8
saunas alemanas,0,5,0%,6
"is low emf or heater emissivity more important when buying a sauna for 
patients?",0,5,0%,6.4
best 6 person sauna,0,5,0%,6.6
germen sana,0,5,0%,6.6
what do people do in german sauna,0,5,0%,6.6
2 person sauna costco,0,5,0%,7.2
costco sauna portable,0,5,0%,7.2
inside a german sauna,0,5,0%,7.4
costco 2849555,0,5,0%,7.8
german sanuna,0,5,0%,7.8
lifetrend costco cold plunge,0,5,0%,7.8
icetubs price,0,5,0%,8
lifetrend cold plunge manual,0,5,0%,8
how to assess safety and emf levels when choosing an infrared sauna?,0,5,0%,8.2
almost heaven saunas arcadia 2-person outdoor barrel sauna,0,5,0%,8.4
heavenly heat 1 person sauna,0,5,0%,8.8
sauna infrarouge costco,0,5,0%,9.2
sisu crew cabin,0,5,0%,9.2
german bathhouse,0,5,0%,9.4
heavenly heat saunas reviews,0,5,0%,9.4
dynamic santiago elite 2-person ultra low emf far infrared sauna,0,5,0%,9.6
fkk sauna meaning,0,5,0%,9.6
dundalk sauna costco,0,5,0%,9.8
german sanuna in gym,0,5,0%,9.8
german sauna vs finnish sauna,0,5,0%,9.8
costco sauna homedics,0,5,0%,10
"how to compare price, build quality, and materials for premium emf-free 
saunas?",0,5,0%,10
costco 2-person cedar barrel sauna harvia,0,5,0%,10.4
german sauna nudity,0,5,0%,10.4
homedics portable sauna costco,0,5,0%,10.6
textilfrei,0,5,0%,10.6
german spa sauna,0,5,0%,10.8
ir sauna costco,0,5,0%,10.8
nurecover review,0,5,0%,10.8
sauna at costco,0,5,0%,10.8
dry sauna for home costco,0,5,0%,11
nurecover sauna pro reviews,0,5,0%,11
santiago 2 person sauna,0,5,0%,11.6
frozen 9 cold plunge,0,5,0%,11.8
costco sauna infrared,0,5,0%,12.6
dynamic barcelona sauna review,0,5,0%,12.8
nurecover steam sauna,0,5,0%,12.8
what are the best ada-compliant infrared sauna brands?,0,5,0%,13.2
costco 6 person sauna,0,5,0%,13.4
cedar duckboard flooring,0,5,0%,14
dynamic gracia sauna review,0,5,0%,14
eagle peak low emf far infrared sauna,0,5,0%,14.8
sauna roof shingles,0,5,0%,18.8
nuracover,0,5,0%,21
dynamic barcelona 1-2 person low emf far infrared sauna reviews,0,5,0%,21.4
true light energy square,0,5,0%,23.2
two person infrared sauna,0,5,0%,24.8
outdoor saunas venice,0,5,0%,26.4
cal flame grill island,0,5,0%,27
cold plunge outdoor,0,5,0%,29.8
ultra sauna,0,5,0%,30.8
dynamic gracia sauna,0,5,0%,31.6
barrel sauna dimensions,0,5,0%,32.2
ada compliant sauna,0,5,0%,32.4
dream pod float tank,0,5,0%,34.6
sauna roof,0,5,0%,34.6
home sauna design austin,0,5,0%,35
ultra low emf sauna,0,5,0%,37.8
"""spaspace chicago"" ""spaspacechicago.com""",0,5,0%,40
six person sauna,0,5,0%,40.6
outdoor cold plunge,0,5,0%,41.8
thermowood sauna,0,5,0%,42.4
dynamic lugano sauna,0,5,0%,43.2
finnmark fd 3,0,5,0%,43.6
floatation pod for sale,0,5,0%,44.2
3 person sauna dealer spring tx,0,5,0%,45.6
cl7g,0,5,0%,45.6
6 person hybrid sauna,0,5,0%,46.6
i'm looking to buy a quality indoor sauna for my home,0,5,0%,49.4
steam shower head diffuser,0,5,0%,49.4
influence sauna,0,5,0%,50
finnmark fd-4,0,5,0%,50.2
himalayan salt walls for saunas,0,5,0%,52.4
cl3g,0,5,0%,54.8
commercial sauna for chiropractic clinic,0,5,0%,57.8
1 person saunas spring tx,0,5,0%,59.4
sauna dealer tomball,0,5,0%,59.6
sauna retailer willis,0,5,0%,61.8
shower head steam,0,5,0%,65.2
indoor saunas spring tx,0,5,0%,66.2
float pod technologies,0,5,0%,67
immersion pod,0,5,0%,72.8
enrich 3,0,5,0%,75
sauna for office workers,0,5,0%,233.6
dynamic tuscany 2 person infrared sauna,0,4,0%,2.25
sauna alemana fotos,0,4,0%,2.25
barrel sauna,0,4,0%,3
que es sauna alemana,0,4,0%,3.25
"where to read trusted reviews from wellness-focused women about 
incandescent-heat saunas?",0,4,0%,3.25
saunas for sale,0,4,0%,3.5
german sauna types,0,4,0%,3.75
"how to compare full-size saunas vs single-bulb spot treatments in emf-free 
options?",0,4,0%,4.25
outdoors,0,4,0%,4.25
berlin sauna,0,4,0%,4.5
what is a german sona,0,4,0%,4.5
arcadia sauna 2 person,0,4,0%,4.75
german sauna etiquette rules,0,4,0%,5.25
reviews,0,4,0%,5.25
sauna tedesca,0,4,0%,5.5
2028780 arcadia two person sauna,0,4,0%,5.75
dreampod ice bath flex,0,4,0%,5.75
homedics portable sauna reviews,0,4,0%,5.75
floating therapy,0,4,0%,6
germany sauna nude,0,4,0%,6
german sauns,0,4,0%,6.25
2028780,0,4,0%,6.75
4stu,0,4,0%,6.75
germain sauna,0,4,0%,6.75
german sauna sex,0,4,0%,6.75
public german sauna,0,4,0%,6.75
arcadia costco sauna,0,4,0%,7.25
are german saunas nude,0,4,0%,7.5
german sauna activities,0,4,0%,7.5
nurecover tropic pro,0,4,0%,7.5
sauna culture germany,0,4,0%,7.5
are german saunas mixed,0,4,0%,8
naked sauna german,0,4,0%,8.25
what sauna brands offer ada-compliant models for businesses?,0,4,0%,8.5
2 person saunas,0,4,0%,9
costco sauna usa,0,4,0%,9
icetubs icebath,0,4,0%,9
sauna germana,0,4,0%,9
barrel sauna metal roof kit,0,4,0%,9.25
german sauna x,0,4,0%,9.25
homedics costco sauna,0,4,0%,9.25
german sorna,0,4,0%,9.5
sauna culture,0,4,0%,9.5
best 2 person sauna for home,0,4,0%,9.75
costco homedics,0,4,0%,9.75
far infrared sauna costco,0,4,0%,9.75
german gym sauna,0,4,0%,9.75
germany sona,0,4,0%,9.75
icetubs,0,4,0%,9.75
what's the best ada-compliant sauna for a small business?,0,4,0%,9.75
infrared sauna for sale costco,0,4,0%,10
3 person sauna costco,0,4,0%,10.25
saunas costco,0,4,0%,10.25
sisu eddy barrel sauna,0,4,0%,10.25
cleveland clinic cold plunge how long,0,4,0%,10.5
costco outdoor sauna,0,4,0%,10.5
costco sauna heater,0,4,0%,10.5
public sauna germany,0,4,0%,10.5
temp therapy,0,4,0%,10.5
homedics portable steam sauna,0,4,0%,11
neuro cover sauna,0,4,0%,11
sauna bath in germany,0,4,0%,11
sauna costco portable,0,4,0%,11
what is the difference between inflatable and hard shell cold plunges?,0,4,0%,11
is nurecover legit,0,4,0%,11.25
homedics portable sauna,0,4,0%,11.5
nurecover tropic sauna,0,4,0%,11.5
santiago 2 person sauna costco,0,4,0%,11.5
3 person infrared sauna costco,0,4,0%,12
"which infrared sauna should i buy to ensure zero emf exposure during 
sessions?",0,4,0%,12.25
metal roof for barrel sauna,0,4,0%,13
almost heaven sauna costco,0,4,0%,14.25
barrel sauna buying guide,0,4,0%,14.25
lowest emf saunas,0,4,0%,14.25
costco two person sauna,0,4,0%,15
emf rating sauna,0,4,0%,17.5
zero emf infrared sauna,0,4,0%,18
costco sauna barrel,0,4,0%,18.25
2 person in home sauna,0,4,0%,18.5
medical breakthrough x massage chair,0,4,0%,19.25
2 person infrared saunas,0,4,0%,20.75
best 2 person infrared sauna,0,4,0%,21.5
medical breakthrough 6 plus,0,4,0%,21.75
240v sauna controller,0,4,0%,23.5
dynamic venice 2 person sauna,0,4,0%,25.5
best outdoor cold plunge,0,4,0%,28
two person sauna dimensions,0,4,0%,28.25
truelight energy square,0,4,0%,28.5
medical breakthrough 6,0,4,0%,29.75
ada sauna,0,4,0%,30.25
steam saunas venice,0,4,0%,32
sauna venice,0,4,0%,32.25
cal flame appliances,0,4,0%,33
dynamic lugano,0,4,0%,36
indoor jacuzzi,0,4,0%,36.5
maxxus seattle 2 person sauna,0,4,0%,37.25
dundalk saunas,0,4,0%,37.75
indoor fireplaces austin tx,0,4,0%,42.25
simple steam,0,4,0%,43
5 person traditional sauna,0,4,0%,44
cold plunge and red light therapy,0,4,0%,45
saunalife g3 outdoor sauna,0,4,0%,45.75
sensory deprivation tank buy,0,4,0%,47.25
float pod for sale,0,4,0%,47.5
icetub,0,4,0%,48
saunalife garden series 6 person outdoor home sauna sl-modelg4 reviews,0,4,0%,49.5
float tank austin,0,4,0%,51.25
saunas venice,0,4,0%,51.5
best isolation tank,0,4,0%,51.75
shower head steamer,0,4,0%,52
6 person saunas,0,4,0%,52.25
saunalife g6,0,4,0%,54
huum drop 6 sauna heater,0,4,0%,55.75
outdoor saunas spring tx,0,4,0%,56.25
sauna salt walls,0,4,0%,56.75
s4n,0,4,0%,58
4 person infrared sauna indoor,0,4,0%,58.5
primo ceramic grill denver,0,4,0%,58.5
huum sauna controller,0,4,0%,59
luna cedar sauna,0,4,0%,60.5
huum sauna stove,0,4,0%,62
commercial infrared sauna room,0,4,0%,66.75
integrated sauna and hot spring water control,0,4,0%,67.75
wellness facility sauna supplier,0,4,0%,76.75
how cold is a cold plunge,0,4,0%,79.25
german sauna near me,0,3,0%,1
steam sauna for home,0,3,0%,1
german sauna types and characteristics,0,3,0%,2.33
german spa,0,3,0%,2.33
outdoor steam sauna costco,0,3,0%,2.33
duitse sauna,0,3,0%,3
4 person sauna costco,0,3,0%,3.33
german sauna characteristics,0,3,0%,3.33
is it good?,0,3,0%,3.67
maxxus 2 person sauna,0,3,0%,3.67
outdoor sauna for sale,0,3,0%,4.33
which sauna brand offers the best ready-made ada-compliant models?,0,3,0%,4.33
lifetrend classic cold plunge and chiller system reviews,0,3,0%,4.67
steam room,0,3,0%,4.67
costco sayna,0,3,0%,5
deutche sauna,0,3,0%,5
german sauna ph,0,3,0%,5
portable sauna costco,0,3,0%,5
icetubs sauna,0,3,0%,5.33
outdoor sauna canada,0,3,0%,5.33
sauna alemana mixta,0,3,0%,5.33
"coldture vs heavenly heat saunas, which sauna is actually better quality?",0,3,0%,5.67
duotherapy,0,3,0%,5.67
home & wellness delivery,0,3,0%,5.67
costco.sauna,0,3,0%,6
dundalk leisurecraft designer b sauna heater with rocks,0,3,0%,6
how to compare red light therapy intensity in light-heat saunas?,0,3,0%,6
what is a sauna club in germany,0,3,0%,6
saunas alemanas mixtas,0,3,0%,6.67
costco sauna assembly,0,3,0%,7
german sunna,0,3,0%,7
heaven of heat,0,3,0%,7
sauna costco indoor,0,3,0%,7
saunas alemanes,0,3,0%,7
dynamic sauna tuscany reviews,0,3,0%,7.33
floating pod therapy,0,3,0%,7.33
geeman sauna,0,3,0%,7.33
sauna german nude,0,3,0%,7.33
avila sauna,0,3,0%,7.67
costco steam shower,0,3,0%,8
garage sauna costco,0,3,0%,8
what are sauna clubs in germany,0,3,0%,8
german sauna textile free,0,3,0%,8.33
heavenlyheat,0,3,0%,8.33
infrared sauna for home costco,0,3,0%,8.33
what is a german sauna in a gym,0,3,0%,8.33
how to evaluate insulation and energy use in space-saving cold plunge tubs?,0,3,0%,8.67
single person sauna costco,0,3,0%,8.67
costco saina,0,3,0%,9
dynamic santiago full spectrum sauna,0,3,0%,9
frozen9,0,3,0%,9
german sau a,0,3,0%,9
heavenly health sauna,0,3,0%,9
top premium home saunas for fitness recovery,0,3,0%,9
what performance metrics matter most when selecting a premium cold plunge?,0,3,0%,9
where are dynamic saunas made,0,3,0%,9
"your statement is correct for many modern water centers and spas, 
especially in mixed-gender settings, where swimwear is required for hygiene 
and comfort in pools and sometimes even saunas, though some traditional 
saunas (especially nude-focused or gender-separated ones, common in nordic 
cultures) might encourage or mandate nudity, so it's best to check local 
rules and consider using natural fabrics like cotton for better heat 
management if wearing a suit.",0,3,0%,9
acadia 2 person sauna costco,0,3,0%,9.33
costco sauna 2-person,0,3,0%,9.33
german spa culture,0,3,0%,9.33
flk sauna,0,3,0%,10
german sauna gym,0,3,0%,10
sauna tent costco,0,3,0%,10
dynamic santiago 2 person infrared sauna,0,3,0%,10.33
"evaluate wellness usa on low-emf and doctor-recommended saunas for medical 
practices",0,3,0%,10.33
german naked saunas,0,3,0%,10.67
2 person infrared sauna costco,0,3,0%,11
costco santiago sauna,0,3,0%,11
golden designs sauna costco,0,3,0%,11
homedics premium portable steam sauna,0,3,0%,11
how to ensure zero emfs and safe operation in incandescent infrared saunas?,0,3,0%,11
cedar duckboards,0,3,0%,11.33
costco sauna cost,0,3,0%,11.33
2 people capacity costco sauna,0,3,0%,11.67
"are there infrared saunas with integrated red light therapy specifically 
for post-exercise recovery?",0,3,0%,11.67
one person sauna costco,0,3,0%,11.67
barrel sauna shingle roof,0,3,0%,12
homedics saunazen portable steam sauna reviews,0,3,0%,12
homedics® premium steam sauna,0,3,0%,12
sisu outdoor sauna,0,3,0%,12
"what are the best at-home infrared saunas for relieving muscle tension and 
improving sleep?",0,3,0%,12
german saunas mixed,0,3,0%,12.33
santiago sauna,0,3,0%,12.67
dynamic sauna santiago,0,3,0%,13.33
german bathhouses,0,3,0%,13.33
infrared sauna at costco,0,3,0%,13.33
"how to evaluate warranty, service, and reliability for high-end emf-free 
saunas?",0,3,0%,13.67
heavenly heat red light sauna,0,3,0%,14
ultra low emf,0,3,0%,14
barrel sauna metal roof,0,3,0%,14.33
almost heaven saunas costco,0,3,0%,15
nurecover sauna reviews reddit,0,3,0%,15
saunas 2 person,0,3,0%,15
two person sauna,0,3,0%,15
homedics saunazen portable steam sauna,0,3,0%,15.33
cedar duckboard,0,3,0%,15.67
two person home sauna,0,3,0%,15.67
where are heavenly heat saunas made,0,3,0%,15.67
cold plunge tub costco,0,3,0%,16
what does low emf sauna mean,0,3,0%,16
costco cold plunge tub,0,3,0%,18.33
what is ultra low emf far infrared sauna,0,3,0%,18.67
cold plunge review,0,3,0%,19
leisure time products wood burning,0,3,0%,19
what is low emf sauna,0,3,0%,19
shingles sauna,0,3,0%,19.33
zero emf sauna,0,3,0%,19.67
2 person sauna size,0,3,0%,21
medical breakthrough 5 plus,0,3,0%,21.33
infrared sauna for muscle soreness,0,3,0%,21.67
infrared sauna for recovery,0,3,0%,21.67
medical breakthrough 7,0,3,0%,22.33
red light sauna and cold plunge,0,3,0%,23
dynamic gracia 1-2 person low emf infrared sauna,0,3,0%,26.67
life authentics sauna,0,3,0%,28.33
dynamic sauna backrest,0,3,0%,29
outdoor wellness sauna,0,3,0%,29
duckboard flooring,0,3,0%,29.33
cal flame fire pit,0,3,0%,29.67