id,article,kind,linked_text,sentence_before,sentence_after,target,recommend,reason,approve (y/n)
M1,https://inhousewellness.com/blogs/news/best-6-person-sauna,model,Golden Designs Toledo,"For indoor hybrid flexibility, choose the Golden Designs Toledo ($9,999); for indoor traditional heat, the Kuusamo ($8,499) or the all-cedar Osla ($8,499); for a premium indoor/outdoor cedar cabin, the Bergen ($15,999).","For indoor hybrid flexibility, choose the [Golden Designs Toledo](/pages/sauna-database/golden-designs-toledo-full-spectrum-6-person) ($9,999); for indoor traditional heat, the Kuusamo ($8,499) or the all-cedar Osla ($8,499); for a premium indoor/outdoor cedar cabin, the Bergen ($15,999).",/pages/sauna-database/golden-designs-toledo-full-spectrum-6-person,yes,,
M2,https://inhousewellness.com/blogs/saunas/best-2-person-sauna-buyers-guide,model,Dynamic Santiago,"Summary: The first three picks (Dynamic Santiago, Maxxus full-spectrum, Cedarbrook traditional) represent the core decision: 120V IR convenience vs 240V traditional heat.","Summary: The first three picks ([Dynamic Santiago](/pages/sauna-database/dynamic-santiago-2-person), Maxxus full-spectrum, Cedarbrook traditional) represent the core decision: 120V IR convenience vs 240V traditional heat.",/pages/sauna-database/dynamic-santiago-2-person,yes,,
M3,https://inhousewellness.com/blogs/saunas/best-infrared-sauna-muscle-recovery,model,MAXXUS Bellevue,MAXXUS Bellevue 3-Person,[MAXXUS Bellevue](/pages/sauna-database/maxxus-bellevue-3-person) 3-Person,/pages/sauna-database/maxxus-bellevue-3-person,yes,"other pages in this series: ['Maxxus Bellevue Far IR Sauna, 3 Person, MX-J306-01 ZF']; the mention names no variant, so it resolves to the one whose name carries none",
M4,https://inhousewellness.com/blogs/saunas/costco-sauna-guide-worth-it,model,Dynamic Gracia,"Simplest installation: Dynamic Gracia 1–2 person — the lightest, most plug-and-play option.","Simplest installation: [Dynamic Gracia](/pages/sauna-database/dynamic-gracia-1-2-person) 1–2 person — the lightest, most plug-and-play option.",/pages/sauna-database/dynamic-gracia-1-2-person,yes,"other pages in this series: ['Dynamic Saunas Gracia Far IR Sauna, 1–2 Person, DYN-6119-01 Elite', 'Dynamic Saunas Gracia Full Spectrum Far IR Sauna, 1–2 Person']; the mention names no variant, so it resolves to the one whose name carries none",
M5,https://inhousewellness.com/blogs/saunas/dynamic-barcelona-sauna-review,model,Dynamic Barcelona,"The Dynamic Barcelona is a compact indoor far-infrared sauna marketed for one to two people, but it's realistically best as a comfortable solo cabin.","The [Dynamic Barcelona](/pages/sauna-database/dynamic-barcelona-1-2-person) is a compact indoor far-infrared sauna marketed for one to two people, but it's realistically best as a comfortable solo cabin.",/pages/sauna-database/dynamic-barcelona-1-2-person,yes,,
M6,https://inhousewellness.com/blogs/saunas/dynamic-saunas-review,model,Maxxus Seattle,"If you are cross-shopping two-person cabins, the Dynamic Venice review benchmarks against a Maxxus Seattle two-person cabin.","If you are cross-shopping two-person cabins, the Dynamic Venice review benchmarks against a [Maxxus Seattle](/pages/sauna-database/maxxus-seattle-2-person) two-person cabin.",/pages/sauna-database/maxxus-seattle-2-person,yes,"other pages in this series: ['Maxxus Seattle Far IR Sauna, 2 Person, MX-J206-01 ZF']; the mention names no variant, so it resolves to the one whose name carries none",
M7,https://inhousewellness.com/blogs/saunas/dynamic-venice-sauna-review,model,Dynamic Barcelona,Dynamic Barcelona,[Dynamic Barcelona](/pages/sauna-database/dynamic-barcelona-1-2-person),/pages/sauna-database/dynamic-barcelona-1-2-person,yes,,
M8,https://inhousewellness.com/blogs/saunas/heavenly-heat-sauna-review,model,Maxxus Seattle,Maxxus Seattle (infrared),[Maxxus Seattle](/pages/sauna-database/maxxus-seattle-2-person) (infrared),/pages/sauna-database/maxxus-seattle-2-person,yes,"other pages in this series: ['Maxxus Seattle Far IR Sauna, 2 Person, MX-J206-01 ZF']; the mention names no variant, so it resolves to the one whose name carries none",
M9,https://inhousewellness.com/blogs/saunas/low-emf-vs-near-zero-emf-infrared-sauna-guide,model,Dynamic Gracia FS,"Browse every in-stock cabin in the Low EMF collection , or step down to the Near-Zero EMF collection for full-spectrum cabins like the Dynamic Gracia FS and Maxxus Bellevue.","Browse every in-stock cabin in the Low EMF collection , or step down to the Near-Zero EMF collection for full-spectrum cabins like the [Dynamic Gracia FS](/pages/sauna-database/dynamic-gracia-full-spectrum-1-2-person) and Maxxus Bellevue.",/pages/sauna-database/dynamic-gracia-full-spectrum-1-2-person,yes,"other pages in this series: ['Dynamic Saunas Gracia Far IR Sauna, 1–2 Person, DYN-6119-01', 'Dynamic Saunas Gracia Far IR Sauna, 1–2 Person, DYN-6119-01 Elite']; the mention names no variant, so it resolves to the one whose name carries none",
M10,https://inhousewellness.com/blogs/saunas/low-emf-vs-near-zero-emf-infrared-sauna-guide,model,Maxxus Bellevue,"Browse every in-stock cabin in the Low EMF collection , or step down to the Near-Zero EMF collection for full-spectrum cabins like the Dynamic Gracia FS and Maxxus Bellevue.","Browse every in-stock cabin in the Low EMF collection , or step down to the Near-Zero EMF collection for full-spectrum cabins like the Dynamic Gracia FS and [Maxxus Bellevue](/pages/sauna-database/maxxus-bellevue-3-person).",/pages/sauna-database/maxxus-bellevue-3-person,yes,"other pages in this series: ['Maxxus Bellevue Far IR Sauna, 3 Person, MX-J306-01 ZF']; the mention names no variant, so it resolves to the one whose name carries none",
M11,https://inhousewellness.com/blogs/saunas/maxxus-mx-s106-01,model,Maxxus MX-S106-01,"The Maxxus MX-S106-01 is a compact indoor far-infrared sauna usually marketed for a single user, and it appears online under several overlapping labels — S-Line, an ultra-low-EMF suffix version (MX-S106-01-ULEMF/Elite), and a marketplace ""Yoga Series"" listing.","The [Maxxus MX-S106-01](/pages/sauna-database/maxxus-s-line-1-person) is a compact indoor far-infrared sauna usually marketed for a single user, and it appears online under several overlapping labels — S-Line, an ultra-low-EMF suffix version (MX-S106-01-ULEMF/Elite), and a marketplace ""Yoga Series"" listing.",/pages/sauna-database/maxxus-s-line-1-person,yes,,
M12,https://inhousewellness.com/blogs/saunas/nurecover-tropic-home-sauna-review,model,Maxxus MX-S106-01,"Best suited for renters, small apartments, or first-time sauna users; serious recovery athletes often prefer fixed infrared cabins like the Maxxus MX-S106-01","Best suited for renters, small apartments, or first-time sauna users; serious recovery athletes often prefer fixed infrared cabins like the [Maxxus MX-S106-01](/pages/sauna-database/maxxus-s-line-1-person)",/pages/sauna-database/maxxus-s-line-1-person,yes,,
M13,https://inhousewellness.com/blogs/saunas/santiago-2-person-ultra-low-emf-sauna-review,model,Dynamic Santiago,Dynamic Santiago (2-Person),[Dynamic Santiago](/pages/sauna-database/dynamic-santiago-2-person) (2-Person),/pages/sauna-database/dynamic-santiago-2-person,yes,,
M14,https://inhousewellness.com/blogs/saunas/santiago-2-person-ultra-low-emf-sauna-review,model,Maxxus Seattle,"Maxxus Seattle — a comparable 2-person Low-EMF cabin with Bluetooth and a red-light feature, in the Maxxus layout.","[Maxxus Seattle](/pages/sauna-database/maxxus-seattle-2-person) — a comparable 2-person Low-EMF cabin with Bluetooth and a red-light feature, in the Maxxus layout.",/pages/sauna-database/maxxus-seattle-2-person,yes,"other pages in this series: ['Maxxus Seattle Far IR Sauna, 2 Person, MX-J206-01 ZF']; the mention names no variant, so it resolves to the one whose name carries none",
H1,https://inhousewellness.com/blogs/saunas/arcadia-barrel-sauna-guide,hub (new sentence),,,"Electrical requirements and exterior sizes for specific models, each cited to the manufacturer, are in the [Verified Sauna Database](/pages/sauna-database).",/pages/sauna-database,yes,a buyer guide covering barrel sizes and power; one new closing sentence,
H2,https://inhousewellness.com/blogs/saunas/dry-sauna-for-home,hub (new sentence),,,"Electrical requirements and exterior sizes for specific models, each cited to the manufacturer, are in the [Verified Sauna Database](/pages/sauna-database).",/pages/sauna-database,yes,"a buyer guide for a home sauna; no phrase to link, so one new closing sentence",
H3,https://inhousewellness.com/blogs/saunas/home-sauna-steam-room-lifetime-operating-costs,hub (existing phrase),electrical requirements,Always verify electrical requirements with a licensed electrician before installation.,Always verify [electrical requirements](/pages/sauna-database) with a licensed electrician before installation.,/pages/sauna-database,yes,general sauna advice about electrical requirements; the hub lists them per model,
H4,https://inhousewellness.com/blogs/saunas/indoor-vs-outdoor-sauna-guide,hub (new sentence),,,"Electrical requirements and exterior sizes for specific models, each cited to the manufacturer, are in the [Verified Sauna Database](/pages/sauna-database).",/pages/sauna-database,yes,a buyer guide that weighs electrical and siting; one new closing sentence,
H5,https://inhousewellness.com/blogs/saunas/infrared-sauna-benefits,hub (existing phrase),electrical requirement,"We can tell you the operating temperature, the electrical requirement, the cabin size and the price.","We can tell you the operating temperature, the [electrical requirement](/pages/sauna-database), the cabin size and the price.",/pages/sauna-database,yes,"names exactly what the hub holds (electrical requirement, cabin size) as things a reader should know",
H6,https://inhousewellness.com/blogs/saunas/sauna-narrow-hallway-doorway-fit-guide,hub (existing phrase),electrical requirements,Best fit if: You have moderately narrow access (not extreme) and can confirm both the panel dimensions and the electrical requirements.,Best fit if: You have moderately narrow access (not extreme) and can confirm both the panel dimensions and the [electrical requirements](/pages/sauna-database).,/pages/sauna-database,yes,tells the reader to confirm dimensions and electrical requirements; the hub lists both per model,
H7,https://inhousewellness.com/blogs/saunas/sunray-roslyn-vs-almost-heaven-madison-which-indoor-sauna-is-right-for-you,hub (existing phrase),Electrical requirements,"Verify current pricing, warranty terms, and certification status directly with the retailer or manufacturer before purchasing. Electrical requirements should be reviewed with a licensed electrician before installation begins.","Verify current pricing, warranty terms, and certification status directly with the retailer or manufacturer before purchasing. [Electrical requirements](/pages/sauna-database) should be reviewed with a licensed electrician before installation begins.",/pages/sauna-database,yes,a generic 'review electrical requirements' sentence in a buyer comparison,
H8,https://inhousewellness.com/blogs/wellness/renovation-sequencing-wellness-installations,hub (new sentence),,,"Electrical requirements and exterior sizes for specific models, each cited to the manufacturer, are in the [Verified Sauna Database](/pages/sauna-database).",/pages/sauna-database,yes,planning electrical work for a sauna installation; one new closing sentence,
H9,https://inhousewellness.com/blogs/saunas/almost-heaven-audra-shenandoah,hub (new sentence),,,"Electrical requirements and exterior sizes for specific models, each cited to the manufacturer, are in the [Verified Sauna Database](/pages/sauna-database).",/pages/sauna-database,no,both models are held back in the database (backlog); a database link beside them suggests pages that do not exist,
H10,https://inhousewellness.com/blogs/saunas/are-infrared-saunas-safe,hub (new sentence),,,"Electrical requirements and exterior sizes for specific models, each cited to the manufacturer, are in the [Verified Sauna Database](/pages/sauna-database).",/pages/sauna-database,no,a safety and health article; a product-database link does not fit,
H11,https://inhousewellness.com/blogs/saunas/downdraft-sauna-ventilation-design-patterns,hub (new sentence),,,"Electrical requirements and exterior sizes for specific models, each cited to the manufacturer, are in the [Verified Sauna Database](/pages/sauna-database).",/pages/sauna-database,no,ventilation design; the database does not cover ventilation,
H12,https://inhousewellness.com/blogs/saunas/finnmark-designs-fd-4-review,hub (existing phrase),electrical requirement,Ask whether simultaneous use changes the electrical requirement,Ask whether simultaneous use changes the [electrical requirement](/pages/sauna-database),/pages/sauna-database,no,"the sentence is about a Finnmark model; the database has no Finnmark pages, so the link would imply coverage it lacks",
H13,https://inhousewellness.com/blogs/saunas/finnmark-designs-saunas,hub (existing phrase),electrical requirements,"Across the five-model FD-1 through FD-5 lineup, you get meaningfully different cabin sizes, from a one-person footprint to a four-person cabin, along with real differences in price, capacity, and electrical requirements.","Across the five-model FD-1 through FD-5 lineup, you get meaningfully different cabin sizes, from a one-person footprint to a four-person cabin, along with real differences in price, capacity, and [electrical requirements](/pages/sauna-database).",/pages/sauna-database,no,"about the Finnmark lineup, which the database does not cover",
H14,https://inhousewellness.com/blogs/saunas/finnmark-fd4-vs-almost-heaven-audra,hub (new sentence),,,"Electrical requirements and exterior sizes for specific models, each cited to the manufacturer, are in the [Verified Sauna Database](/pages/sauna-database).",/pages/sauna-database,no,compares two models neither of which has a page,
H15,https://inhousewellness.com/blogs/saunas/golden-designs-osla-edition-review,hub (new sentence),,,"Electrical requirements and exterior sizes for specific models, each cited to the manufacturer, are in the [Verified Sauna Database](/pages/sauna-database).",/pages/sauna-database,no,reviews a Golden Designs model without a page; a hub link invites a search that finds nothing for it,
H16,https://inhousewellness.com/blogs/saunas/hidden-failure-points-diy-sauna-steam-projects,hub (new sentence),,,"Electrical requirements and exterior sizes for specific models, each cited to the manufacturer, are in the [Verified Sauna Database](/pages/sauna-database).",/pages/sauna-database,no,DIY construction; the database covers manufactured models,
H17,https://inhousewellness.com/blogs/saunas/sauna-ventilation-designers-co2-pm25-air-change-targets,hub (new sentence),,,"Electrical requirements and exterior sizes for specific models, each cited to the manufacturer, are in the [Verified Sauna Database](/pages/sauna-database).",/pages/sauna-database,no,ventilation engineering; not what the database covers,
H18,https://inhousewellness.com/blogs/saunas/saunalife-model-g6-review,hub (new sentence),,,"Electrical requirements and exterior sizes for specific models, each cited to the manufacturer, are in the [Verified Sauna Database](/pages/sauna-database).",/pages/sauna-database,no,SaunaLife models have no pages (heat type and electrical not verified),
H19,https://inhousewellness.com/blogs/saunas/sisu-sauna-review,hub (existing phrase),Electrical requirements,"Their thermally modified components are heavier, which may make solo assembly harder, but they market ""easy-to-assemble"" designs. Electrical requirements are comparable—240V for high-wattage heaters (SaunaLife, 2025).","Their thermally modified components are heavier, which may make solo assembly harder, but they market ""easy-to-assemble"" designs. [Electrical requirements](/pages/sauna-database) are comparable—240V for high-wattage heaters (SaunaLife, 2025).",/pages/sauna-database,no,"compares Sisu, which the database does not cover",
H20,https://inhousewellness.com/blogs/saunas/small-space-sauna-guide-corner-straight-wall-compact-cabin,hub (existing phrase),Electrical Requirements,Electrical Requirements and Installation Considerations,[Electrical Requirements](/pages/sauna-database) and Installation Considerations,/pages/sauna-database,no,"the phrase is a heading-like line, not running text",
H21,https://inhousewellness.com/blogs/saunas/true-total-cost-home-sauna,hub (existing phrase),electrical requirement,"If you have not chosen a heat type yet, infrared vs traditional sauna compares them on the electrical requirement first, which is the thing that decides it.","If you have not chosen a heat type yet, infrared vs traditional sauna compares them on the [electrical requirement](/pages/sauna-database) first, which is the thing that decides it.",/pages/sauna-database,no,the sentence already directs the reader to another article; a second link there muddles it,
H22,https://inhousewellness.com/blogs/wellness/insurance-permits-code-thermal-rooms,hub (existing phrase),electrical requirements,"Cold plunge classification (tank vs. pool vs. spa-adjacent equipment) is handled differently across jurisdictions, so plumbing and electrical requirements should be confirmed directly with your AHJ rather than assumed from general spa rules (Public Health Ontario).","Cold plunge classification (tank vs. pool vs. spa-adjacent equipment) is handled differently across jurisdictions, so plumbing and [electrical requirements](/pages/sauna-database) should be confirmed directly with your AHJ rather than assumed from general spa rules (Public Health Ontario).",/pages/sauna-database,no,"the sentence is about cold-plunge plumbing and electrical, not saunas",
H23,https://inhousewellness.com/blogs/wellness/sauna-vs-cold-plunge-vs-red-light-therapy,hub (existing phrase),electrical requirements,No special electrical requirements beyond a standard outlet.,No special [electrical requirements](/pages/sauna-database) beyond a standard outlet.,/pages/sauna-database,no,"the sentence is about a red-light panel's outlet, not saunas",
