id,keyword,volume,difficulty,priority,archetype,board,template,source_article,link,evidence_tier,reuse_class,status
pin-0001,infrared vs steam sauna,1300,2,650.0,comparison,Infrared vs Traditional,when-x-then-y-slideshow,https://inhousewellness.com/blogs/saunas/infrared-vs-traditional-sauna,https://inhousewellness.com/tools/sauna-match,strong,evergreen,queued
pin-0002,how long should you stay in a sauna,4400,10,440.0,reality_check,Sauna Use & Etiquette,tutorial-carousel-minimalist-flat,https://inhousewellness.com/blogs/saunas/sauna-electrical-requirements,https://inhousewellness.com/tools/panel-check,strong,evergreen,queued
pin-0003,is sauna good for a cold,1300,3,433.3,evidence_read,Sauna Health & Evidence,book-page-infographic,https://inhousewellness.com/blogs/saunas/sauna-for-blood-pressure-and-heart-health,https://inhousewellness.com/blogs/saunas,moderate,evergreen,queued
pin-0004,can i bring my phone in a sauna,720,2,360.0,reality_check,Sauna Use & Etiquette,tutorial-carousel-minimalist-flat,https://inhousewellness.com/blogs/saunas/sauna-electrical-requirements,https://inhousewellness.com/tools/panel-check,strong,evergreen,queued
pin-0005,can you take your phone in a sauna,1000,3,333.3,reality_check,Sauna Use & Etiquette,tutorial-carousel-minimalist-flat,https://inhousewellness.com/blogs/saunas/sauna-electrical-requirements,https://inhousewellness.com/tools/panel-check,strong,evergreen,queued
pin-0006,what to wear in a sauna,1900,6,316.7,reality_check,Sauna Use & Etiquette,tutorial-carousel-minimalist-flat,https://inhousewellness.com/blogs/saunas/sauna-electrical-requirements,https://inhousewellness.com/tools/panel-check,strong,evergreen,queued
pin-0007,can you bring your phone into a sauna,590,2,295.0,reality_check,Sauna Use & Etiquette,tutorial-carousel-minimalist-flat,https://inhousewellness.com/blogs/saunas/sauna-electrical-requirements,https://inhousewellness.com/tools/panel-check,strong,evergreen,queued
pin-0008,is it safe to take wallet into sauna,590,2,295.0,reality_check,Sauna Use & Etiquette,tutorial-carousel-minimalist-flat,https://inhousewellness.com/blogs/saunas/sauna-electrical-requirements,https://inhousewellness.com/tools/panel-check,strong,evergreen,queued
pin-0009,dry sauna vs wet sauna,1300,5,260.0,comparison,Infrared vs Traditional,when-x-then-y-slideshow,https://inhousewellness.com/blogs/saunas/infrared-vs-traditional-sauna,https://inhousewellness.com/tools/sauna-match,strong,evergreen,queued
pin-0010,can you run electrical in sauna walls,480,2,240.0,reality_check,Sauna Installation & Electrical,tutorial-carousel-minimalist-flat,https://inhousewellness.com/blogs/saunas/sauna-electrical-requirements,https://inhousewellness.com/tools/panel-check,strong,evergreen,queued
pin-0011,wet sauna vs dry sauna,880,4,220.0,comparison,Infrared vs Traditional,when-x-then-y-slideshow,https://inhousewellness.com/blogs/saunas/infrared-vs-traditional-sauna,https://inhousewellness.com/tools/sauna-match,strong,evergreen,queued
pin-0012,does sauna help you lose weight,1300,6,216.7,evidence_read,Sauna Health & Evidence,book-page-infographic,https://inhousewellness.com/blogs/saunas/sauna-for-blood-pressure-and-heart-health,https://inhousewellness.com/blogs/saunas,moderate,evergreen,queued
pin-0013,infrared sauna vs steam,390,2,195.0,comparison,Infrared vs Traditional,when-x-then-y-slideshow,https://inhousewellness.com/blogs/saunas/infrared-vs-traditional-sauna,https://inhousewellness.com/tools/sauna-match,strong,evergreen,queued
pin-0014,what do you wear in a sauna,720,4,180.0,explainer,Sauna Buying Guides,whiteboard-infographic,https://inhousewellness.com/blogs/saunas/what-is-an-infrared-sauna,https://inhousewellness.com/collections/saunas,strong,evergreen,queued
pin-0015,can a sauna help you lose weight,2400,14,171.4,evidence_read,Sauna Health & Evidence,book-page-infographic,https://inhousewellness.com/blogs/saunas/sauna-for-blood-pressure-and-heart-health,https://inhousewellness.com/blogs/saunas,moderate,evergreen,queued
pin-0016,sauna renovation cost,480,3,160.0,cost,Sauna Costs & Electricity,tutorial-carousel-minimalist-flat,https://inhousewellness.com/blogs/saunas/home-sauna-steam-room-lifetime-operating-costs,https://inhousewellness.com/tools/sauna-running-cost,strong,evergreen,queued
pin-0017,can i take my phone in the sauna,480,3,160.0,reality_check,Sauna Use & Etiquette,tutorial-carousel-minimalist-flat,https://inhousewellness.com/blogs/saunas/sauna-electrical-requirements,https://inhousewellness.com/tools/panel-check,strong,evergreen,queued
pin-0018,how long should you sit in a sauna,1600,10,160.0,reality_check,Sauna Use & Etiquette,tutorial-carousel-minimalist-flat,https://inhousewellness.com/blogs/saunas/sauna-electrical-requirements,https://inhousewellness.com/tools/panel-check,strong,evergreen,queued
pin-0019,infrared vs traditional sauna,2900,19,152.6,comparison,Infrared vs Traditional,when-x-then-y-slideshow,https://inhousewellness.com/blogs/saunas/infrared-vs-traditional-sauna,https://inhousewellness.com/tools/sauna-match,strong,evergreen,queued
pin-0020,what to wear in sauna,590,4,147.5,reality_check,Sauna Use & Etiquette,tutorial-carousel-minimalist-flat,https://inhousewellness.com/blogs/saunas/sauna-electrical-requirements,https://inhousewellness.com/tools/panel-check,strong,evergreen,queued
pin-0021,how do you build a sauna,1900,14,135.7,reality_check,Sauna Installation & Electrical,tutorial-carousel-minimalist-flat,https://inhousewellness.com/blogs/saunas/sauna-electrical-requirements,https://inhousewellness.com/tools/panel-check,strong,evergreen,queued
pin-0022,what is a dry sauna,880,7,125.7,explainer,Sauna Buying Guides,whiteboard-infographic,https://inhousewellness.com/blogs/saunas/what-is-an-infrared-sauna,https://inhousewellness.com/collections/saunas,strong,evergreen,queued
pin-0023,dry vs wet sauna,480,4,120.0,comparison,Infrared vs Traditional,when-x-then-y-slideshow,https://inhousewellness.com/blogs/saunas/infrared-vs-traditional-sauna,https://inhousewellness.com/tools/sauna-match,strong,evergreen,queued
pin-0024,can a sauna help a cold,480,4,120.0,evidence_read,Sauna Health & Evidence,book-page-infographic,https://inhousewellness.com/blogs/saunas/sauna-for-blood-pressure-and-heart-health,https://inhousewellness.com/blogs/saunas,moderate,evergreen,queued
pin-0025,is the sauna good for colds,590,5,118.0,evidence_read,Sauna Health & Evidence,book-page-infographic,https://inhousewellness.com/blogs/saunas/sauna-for-blood-pressure-and-heart-health,https://inhousewellness.com/blogs/saunas,moderate,evergreen,queued
pin-0026,will a sauna help acne,590,5,118.0,evidence_read,Sauna Health & Evidence,book-page-infographic,https://inhousewellness.com/blogs/saunas/sauna-for-blood-pressure-and-heart-health,https://inhousewellness.com/blogs/saunas,moderate,evergreen,queued
pin-0027,how to use a sauna,1600,14,114.3,reality_check,Sauna Use & Etiquette,tutorial-carousel-minimalist-flat,https://inhousewellness.com/blogs/saunas/sauna-electrical-requirements,https://inhousewellness.com/tools/panel-check,strong,evergreen,queued
pin-0028,near vs far infrared sauna,110,1,110.0,comparison,Infrared vs Traditional,when-x-then-y-slideshow,https://inhousewellness.com/blogs/saunas/infrared-vs-traditional-sauna,https://inhousewellness.com/tools/sauna-match,strong,evergreen,queued
pin-0029,what is a german sauna,1300,12,108.3,explainer,Sauna Buying Guides,whiteboard-infographic,https://inhousewellness.com/blogs/saunas/what-is-an-infrared-sauna,https://inhousewellness.com/collections/saunas,strong,evergreen,queued
pin-0030,infrared sauna vs steam sauna,1000,10,100.0,comparison,Infrared vs Traditional,when-x-then-y-slideshow,https://inhousewellness.com/blogs/saunas/infrared-vs-traditional-sauna,https://inhousewellness.com/tools/sauna-match,strong,evergreen,queued
pin-0031,how hot should a sauna be,1900,20,95.0,reality_check,Sauna Use & Etiquette,tutorial-carousel-minimalist-flat,https://inhousewellness.com/blogs/saunas/sauna-electrical-requirements,https://inhousewellness.com/tools/panel-check,strong,evergreen,queued
pin-0032,indoor vs outdoor sauna,170,2,85.0,comparison,Infrared vs Traditional,when-x-then-y-slideshow,https://inhousewellness.com/blogs/saunas/infrared-vs-traditional-sauna,https://inhousewellness.com/tools/sauna-match,strong,evergreen,queued
pin-0033,sunlighten vs clearlight sauna,170,2,85.0,comparison,Infrared vs Traditional,when-x-then-y-slideshow,https://inhousewellness.com/blogs/saunas/infrared-vs-traditional-sauna,https://inhousewellness.com/tools/sauna-match,strong,evergreen,queued
pin-0034,how hot do saunas get,1300,16,81.2,reality_check,Sauna Use & Etiquette,tutorial-carousel-minimalist-flat,https://inhousewellness.com/blogs/saunas/sauna-electrical-requirements,https://inhousewellness.com/tools/panel-check,strong,evergreen,queued
pin-0035,wet sauna vs dry,320,4,80.0,comparison,Infrared vs Traditional,when-x-then-y-slideshow,https://inhousewellness.com/blogs/saunas/infrared-vs-traditional-sauna,https://inhousewellness.com/tools/sauna-match,strong,evergreen,queued
pin-0036,how long should i stay in a sauna,1000,13,76.9,reality_check,Sauna Use & Etiquette,tutorial-carousel-minimalist-flat,https://inhousewellness.com/blogs/saunas/sauna-electrical-requirements,https://inhousewellness.com/tools/panel-check,strong,evergreen,queued
pin-0037,is sauna good when sick,590,8,73.8,evidence_read,Sauna Health & Evidence,book-page-infographic,https://inhousewellness.com/blogs/saunas/sauna-for-blood-pressure-and-heart-health,https://inhousewellness.com/blogs/saunas,moderate,evergreen,queued
pin-0038,ir sauna vs traditional,1600,23,69.6,comparison,Infrared vs Traditional,when-x-then-y-slideshow,https://inhousewellness.com/blogs/saunas/infrared-vs-traditional-sauna,https://inhousewellness.com/tools/sauna-match,strong,evergreen,queued
pin-0039,are saunas good for colds,480,7,68.6,evidence_read,Sauna Health & Evidence,book-page-infographic,https://inhousewellness.com/blogs/saunas/sauna-for-blood-pressure-and-heart-health,https://inhousewellness.com/blogs/saunas,moderate,evergreen,queued
pin-0040,how long should you be in a sauna,880,13,67.7,reality_check,Sauna Use & Etiquette,tutorial-carousel-minimalist-flat,https://inhousewellness.com/blogs/saunas/sauna-electrical-requirements,https://inhousewellness.com/tools/panel-check,strong,evergreen,queued
pin-0041,does sauna help with cold,880,13,67.7,evidence_read,Sauna Health & Evidence,book-page-infographic,https://inhousewellness.com/blogs/saunas/sauna-for-blood-pressure-and-heart-health,https://inhousewellness.com/blogs/saunas,moderate,evergreen,queued
pin-0042,wet vs dry sauna,260,4,65.0,comparison,Infrared vs Traditional,when-x-then-y-slideshow,https://inhousewellness.com/blogs/saunas/infrared-vs-traditional-sauna,https://inhousewellness.com/tools/sauna-match,strong,evergreen,queued
pin-0043,steam vs infrared sauna,390,6,65.0,comparison,Infrared vs Traditional,when-x-then-y-slideshow,https://inhousewellness.com/blogs/saunas/infrared-vs-traditional-sauna,https://inhousewellness.com/tools/sauna-match,strong,evergreen,queued
pin-0044,do saunas make you lose weight,480,8,60.0,evidence_read,Sauna Health & Evidence,book-page-infographic,https://inhousewellness.com/blogs/saunas/sauna-for-blood-pressure-and-heart-health,https://inhousewellness.com/blogs/saunas,moderate,evergreen,queued
pin-0045,infrared vs regular sauna,1300,22,59.1,comparison,Infrared vs Traditional,when-x-then-y-slideshow,https://inhousewellness.com/blogs/saunas/infrared-vs-traditional-sauna,https://inhousewellness.com/tools/sauna-match,strong,evergreen,queued
pin-0046,sauna vs hot tub,1000,17,58.8,comparison,Infrared vs Traditional,when-x-then-y-slideshow,https://inhousewellness.com/blogs/saunas/infrared-vs-traditional-sauna,https://inhousewellness.com/tools/sauna-match,strong,evergreen,queued
pin-0047,how long in sauna,720,13,55.4,reality_check,Sauna Use & Etiquette,tutorial-carousel-minimalist-flat,https://inhousewellness.com/blogs/saunas/sauna-electrical-requirements,https://inhousewellness.com/tools/panel-check,strong,evergreen,queued
pin-0048,do it yourself sauna kits,590,12,49.2,reality_check,Sauna Installation & Electrical,tutorial-carousel-minimalist-flat,https://inhousewellness.com/blogs/saunas/sauna-electrical-requirements,https://inhousewellness.com/tools/panel-check,strong,evergreen,queued
pin-0049,red light therapy vs infrared sauna,720,15,48.0,comparison,Infrared vs Traditional,when-x-then-y-slideshow,https://inhousewellness.com/blogs/saunas/infrared-vs-traditional-sauna,https://inhousewellness.com/tools/sauna-match,strong,evergreen,queued
pin-0050,dry sauna vs wet,320,7,45.7,comparison,Infrared vs Traditional,when-x-then-y-slideshow,https://inhousewellness.com/blogs/saunas/infrared-vs-traditional-sauna,https://inhousewellness.com/tools/sauna-match,strong,evergreen,queued
pin-0051,how to work a sauna,590,13,45.4,reality_check,Sauna Use & Etiquette,tutorial-carousel-minimalist-flat,https://inhousewellness.com/blogs/saunas/sauna-electrical-requirements,https://inhousewellness.com/tools/panel-check,strong,evergreen,queued
pin-0052,how much does a sauna cost,720,16,45.0,cost,Sauna Costs & Electricity,tutorial-carousel-minimalist-flat,https://inhousewellness.com/blogs/saunas/home-sauna-steam-room-lifetime-operating-costs,https://inhousewellness.com/tools/sauna-running-cost,strong,evergreen,queued
pin-0053,ir sauna vs traditional sauna,880,20,44.0,comparison,Infrared vs Traditional,when-x-then-y-slideshow,https://inhousewellness.com/blogs/saunas/infrared-vs-traditional-sauna,https://inhousewellness.com/tools/sauna-match,strong,evergreen,queued
pin-0054,do it yourself sauna plans,590,14,42.1,reality_check,Sauna Installation & Electrical,tutorial-carousel-minimalist-flat,https://inhousewellness.com/blogs/saunas/sauna-electrical-requirements,https://inhousewellness.com/tools/panel-check,strong,evergreen,queued
pin-0055,how much is a sauna,880,21,41.9,cost,Sauna Costs & Electricity,tutorial-carousel-minimalist-flat,https://inhousewellness.com/blogs/saunas/home-sauna-steam-room-lifetime-operating-costs,https://inhousewellness.com/tools/sauna-running-cost,strong,evergreen,queued
pin-0056,infrared sauna vs traditional,720,18,40.0,comparison,Infrared vs Traditional,when-x-then-y-slideshow,https://inhousewellness.com/blogs/saunas/infrared-vs-traditional-sauna,https://inhousewellness.com/tools/sauna-match,strong,evergreen,queued
pin-0057,infrared sauna cost,720,18,40.0,cost,Sauna Costs & Electricity,tutorial-carousel-minimalist-flat,https://inhousewellness.com/blogs/saunas/home-sauna-steam-room-lifetime-operating-costs,https://inhousewellness.com/tools/sauna-running-cost,strong,evergreen,queued
pin-0058,how long should you sauna,590,15,39.3,reality_check,Sauna Use & Etiquette,tutorial-carousel-minimalist-flat,https://inhousewellness.com/blogs/saunas/sauna-electrical-requirements,https://inhousewellness.com/tools/panel-check,strong,evergreen,queued
pin-0059,sauna vs jacuzzi,590,16,36.9,comparison,Infrared vs Traditional,when-x-then-y-slideshow,https://inhousewellness.com/blogs/saunas/infrared-vs-traditional-sauna,https://inhousewellness.com/tools/sauna-match,strong,evergreen,queued
pin-0060,how often should you use a sauna,880,24,36.7,reality_check,Sauna Use & Etiquette,tutorial-carousel-minimalist-flat,https://inhousewellness.com/blogs/saunas/sauna-electrical-requirements,https://inhousewellness.com/tools/panel-check,strong,evergreen,queued
pin-0061,sauna cost,720,23,31.3,cost,Sauna Costs & Electricity,tutorial-carousel-minimalist-flat,https://inhousewellness.com/blogs/saunas/home-sauna-steam-room-lifetime-operating-costs,https://inhousewellness.com/tools/sauna-running-cost,strong,evergreen,queued
pin-0062,do it yourself sauna kit,590,19,31.1,reality_check,Sauna Installation & Electrical,tutorial-carousel-minimalist-flat,https://inhousewellness.com/blogs/saunas/sauna-electrical-requirements,https://inhousewellness.com/tools/panel-check,strong,evergreen,queued
pin-0063,infrared sauna vs red light therapy,480,16,30.0,comparison,Infrared vs Traditional,when-x-then-y-slideshow,https://inhousewellness.com/blogs/saunas/infrared-vs-traditional-sauna,https://inhousewellness.com/tools/sauna-match,strong,evergreen,queued
pin-0064,hot tub vs sauna,480,16,30.0,comparison,Infrared vs Traditional,when-x-then-y-slideshow,https://inhousewellness.com/blogs/saunas/infrared-vs-traditional-sauna,https://inhousewellness.com/tools/sauna-match,strong,evergreen,queued
pin-0065,steam sauna vs infrared sauna,260,9,28.9,comparison,Infrared vs Traditional,when-x-then-y-slideshow,https://inhousewellness.com/blogs/saunas/infrared-vs-traditional-sauna,https://inhousewellness.com/tools/sauna-match,strong,evergreen,queued
pin-0066,how much does it cost to build a sauna,260,9,28.9,cost,Sauna Costs & Electricity,tutorial-carousel-minimalist-flat,https://inhousewellness.com/blogs/saunas/home-sauna-steam-room-lifetime-operating-costs,https://inhousewellness.com/tools/sauna-running-cost,strong,evergreen,queued
pin-0067,sauna blanket vs sauna,140,5,28.0,comparison,Infrared vs Traditional,when-x-then-y-slideshow,https://inhousewellness.com/blogs/saunas/infrared-vs-traditional-sauna,https://inhousewellness.com/tools/sauna-match,strong,evergreen,queued
pin-0068,dry sauna vs infrared sauna,320,12,26.7,comparison,Infrared vs Traditional,when-x-then-y-slideshow,https://inhousewellness.com/blogs/saunas/infrared-vs-traditional-sauna,https://inhousewellness.com/tools/sauna-match,strong,evergreen,queued
pin-0069,sauna installation cost,320,12,26.7,cost,Sauna Costs & Electricity,tutorial-carousel-minimalist-flat,https://inhousewellness.com/blogs/saunas/home-sauna-steam-room-lifetime-operating-costs,https://inhousewellness.com/tools/sauna-running-cost,strong,evergreen,queued
pin-0070,at home sauna cost,480,19,25.3,cost,Sauna Costs & Electricity,tutorial-carousel-minimalist-flat,https://inhousewellness.com/blogs/saunas/home-sauna-steam-room-lifetime-operating-costs,https://inhousewellness.com/tools/sauna-running-cost,strong,evergreen,queued
pin-0071,home sauna cost,590,25,23.6,cost,Sauna Costs & Electricity,tutorial-carousel-minimalist-flat,https://inhousewellness.com/blogs/saunas/home-sauna-steam-room-lifetime-operating-costs,https://inhousewellness.com/tools/sauna-running-cost,strong,evergreen,queued
pin-0072,traditional vs infrared sauna,480,21,22.9,comparison,Infrared vs Traditional,when-x-then-y-slideshow,https://inhousewellness.com/blogs/saunas/infrared-vs-traditional-sauna,https://inhousewellness.com/tools/sauna-match,strong,evergreen,queued
pin-0073,do it yourself outdoor sauna,480,22,21.8,reality_check,Sauna Installation & Electrical,tutorial-carousel-minimalist-flat,https://inhousewellness.com/blogs/saunas/sauna-electrical-requirements,https://inhousewellness.com/tools/panel-check,strong,evergreen,queued
pin-0074,can you sauna while pregnant,480,23,20.9,evidence_read,Sauna Health & Evidence,book-page-infographic,https://inhousewellness.com/blogs/saunas/sauna-for-blood-pressure-and-heart-health,https://inhousewellness.com/blogs/saunas,moderate,evergreen,queued
pin-0075,in home sauna cost,320,16,20.0,cost,Sauna Costs & Electricity,tutorial-carousel-minimalist-flat,https://inhousewellness.com/blogs/saunas/home-sauna-steam-room-lifetime-operating-costs,https://inhousewellness.com/tools/sauna-running-cost,strong,evergreen,queued
pin-0076,sauna costs,210,12,17.5,cost,Sauna Costs & Electricity,tutorial-carousel-minimalist-flat,https://inhousewellness.com/blogs/saunas/home-sauna-steam-room-lifetime-operating-costs,https://inhousewellness.com/tools/sauna-running-cost,strong,evergreen,queued
pin-0077,how much does a home sauna cost,170,10,17.0,cost,Sauna Costs & Electricity,tutorial-carousel-minimalist-flat,https://inhousewellness.com/blogs/saunas/home-sauna-steam-room-lifetime-operating-costs,https://inhousewellness.com/tools/sauna-running-cost,strong,evergreen,queued
pin-0078,cost of infrared sauna,320,20,16.0,cost,Sauna Costs & Electricity,tutorial-carousel-minimalist-flat,https://inhousewellness.com/blogs/saunas/home-sauna-steam-room-lifetime-operating-costs,https://inhousewellness.com/tools/sauna-running-cost,strong,evergreen,queued
pin-0079,steam room vs sauna weight loss,110,7,15.7,comparison,Infrared vs Traditional,when-x-then-y-slideshow,https://inhousewellness.com/blogs/saunas/infrared-vs-traditional-sauna,https://inhousewellness.com/tools/sauna-match,strong,evergreen,queued
pin-0080,spa vs sauna,110,7,15.7,comparison,Infrared vs Traditional,when-x-then-y-slideshow,https://inhousewellness.com/blogs/saunas/infrared-vs-traditional-sauna,https://inhousewellness.com/tools/sauna-match,strong,evergreen,queued
pin-0081,cost of installing a sauna,140,9,15.6,cost,Sauna Costs & Electricity,tutorial-carousel-minimalist-flat,https://inhousewellness.com/blogs/saunas/home-sauna-steam-room-lifetime-operating-costs,https://inhousewellness.com/tools/sauna-running-cost,strong,evergreen,queued
pin-0082,how much does an infrared sauna cost,170,11,15.5,cost,Sauna Costs & Electricity,tutorial-carousel-minimalist-flat,https://inhousewellness.com/blogs/saunas/home-sauna-steam-room-lifetime-operating-costs,https://inhousewellness.com/tools/sauna-running-cost,strong,evergreen,queued
pin-0083,cost to build a sauna,170,12,14.2,cost,Sauna Costs & Electricity,tutorial-carousel-minimalist-flat,https://inhousewellness.com/blogs/saunas/home-sauna-steam-room-lifetime-operating-costs,https://inhousewellness.com/tools/sauna-running-cost,strong,evergreen,queued
pin-0084,ir sauna vs steam sauna,140,10,14.0,comparison,Infrared vs Traditional,when-x-then-y-slideshow,https://inhousewellness.com/blogs/saunas/infrared-vs-traditional-sauna,https://inhousewellness.com/tools/sauna-match,strong,evergreen,queued
pin-0085,sauna vs cold plunge,210,15,14.0,comparison,Infrared vs Traditional,when-x-then-y-slideshow,https://inhousewellness.com/blogs/saunas/infrared-vs-traditional-sauna,https://inhousewellness.com/tools/sauna-match,strong,evergreen,queued
pin-0086,clearlight sauna cost,140,10,14.0,cost,Sauna Costs & Electricity,tutorial-carousel-minimalist-flat,https://inhousewellness.com/blogs/saunas/home-sauna-steam-room-lifetime-operating-costs,https://inhousewellness.com/tools/sauna-running-cost,strong,evergreen,queued
pin-0087,hot tub vs sauna health benefits,170,13,13.1,comparison,Infrared vs Traditional,when-x-then-y-slideshow,https://inhousewellness.com/blogs/saunas/infrared-vs-traditional-sauna,https://inhousewellness.com/tools/sauna-match,strong,evergreen,queued
pin-0088,cost of a sauna,210,16,13.1,cost,Sauna Costs & Electricity,tutorial-carousel-minimalist-flat,https://inhousewellness.com/blogs/saunas/home-sauna-steam-room-lifetime-operating-costs,https://inhousewellness.com/tools/sauna-running-cost,strong,evergreen,queued
pin-0089,sauna home cost,210,16,13.1,cost,Sauna Costs & Electricity,tutorial-carousel-minimalist-flat,https://inhousewellness.com/blogs/saunas/home-sauna-steam-room-lifetime-operating-costs,https://inhousewellness.com/tools/sauna-running-cost,strong,evergreen,queued
pin-0090,red light therapy vs sauna,90,7,12.9,comparison,Infrared vs Traditional,when-x-then-y-slideshow,https://inhousewellness.com/blogs/saunas/infrared-vs-traditional-sauna,https://inhousewellness.com/tools/sauna-match,strong,evergreen,queued
pin-0091,infrared sauna vs steam sauna benefits,90,7,12.9,comparison,Infrared vs Traditional,when-x-then-y-slideshow,https://inhousewellness.com/blogs/saunas/infrared-vs-traditional-sauna,https://inhousewellness.com/tools/sauna-match,strong,evergreen,queued
pin-0092,near infrared sauna vs far infrared sauna,110,9,12.2,comparison,Infrared vs Traditional,when-x-then-y-slideshow,https://inhousewellness.com/blogs/saunas/infrared-vs-traditional-sauna,https://inhousewellness.com/tools/sauna-match,strong,evergreen,queued
pin-0093,hemlock vs cedar sauna,70,6,11.7,comparison,Infrared vs Traditional,when-x-then-y-slideshow,https://inhousewellness.com/blogs/saunas/infrared-vs-traditional-sauna,https://inhousewellness.com/tools/sauna-match,strong,evergreen,queued
pin-0094,sauna vs hot tub benefits,140,12,11.7,comparison,Infrared vs Traditional,when-x-then-y-slideshow,https://inhousewellness.com/blogs/saunas/infrared-vs-traditional-sauna,https://inhousewellness.com/tools/sauna-match,strong,evergreen,queued
pin-0095,hot tubs vs saunas,140,12,11.7,comparison,Infrared vs Traditional,when-x-then-y-slideshow,https://inhousewellness.com/blogs/saunas/infrared-vs-traditional-sauna,https://inhousewellness.com/tools/sauna-match,strong,evergreen,queued
pin-0096,cost to install a sauna,110,10,11.0,cost,Sauna Costs & Electricity,tutorial-carousel-minimalist-flat,https://inhousewellness.com/blogs/saunas/home-sauna-steam-room-lifetime-operating-costs,https://inhousewellness.com/tools/sauna-running-cost,strong,evergreen,queued
pin-0097,infrared vs wood sauna,170,16,10.6,comparison,Infrared vs Traditional,when-x-then-y-slideshow,https://inhousewellness.com/blogs/saunas/infrared-vs-traditional-sauna,https://inhousewellness.com/tools/sauna-match,strong,evergreen,queued
pin-0098,cedar vs hemlock sauna,90,9,10.0,comparison,Infrared vs Traditional,when-x-then-y-slideshow,https://inhousewellness.com/blogs/saunas/infrared-vs-traditional-sauna,https://inhousewellness.com/tools/sauna-match,strong,evergreen,queued
pin-0099,how much do saunas cost,170,18,9.4,cost,Sauna Costs & Electricity,tutorial-carousel-minimalist-flat,https://inhousewellness.com/blogs/saunas/home-sauna-steam-room-lifetime-operating-costs,https://inhousewellness.com/tools/sauna-running-cost,strong,evergreen,queued
pin-0100,infrared sauna installation cost,110,13,8.5,cost,Sauna Costs & Electricity,tutorial-carousel-minimalist-flat,https://inhousewellness.com/blogs/saunas/home-sauna-steam-room-lifetime-operating-costs,https://inhousewellness.com/tools/sauna-running-cost,strong,evergreen,queued
pin-0101,outdoor sauna cost,140,17,8.2,cost,Sauna Costs & Electricity,tutorial-carousel-minimalist-flat,https://inhousewellness.com/blogs/saunas/home-sauna-steam-room-lifetime-operating-costs,https://inhousewellness.com/tools/sauna-running-cost,strong,evergreen,queued
pin-0102,cost home sauna,110,15,7.3,cost,Sauna Costs & Electricity,tutorial-carousel-minimalist-flat,https://inhousewellness.com/blogs/saunas/home-sauna-steam-room-lifetime-operating-costs,https://inhousewellness.com/tools/sauna-running-cost,strong,evergreen,queued
pin-0103,barrel sauna cost,110,17,6.5,cost,Sauna Costs & Electricity,tutorial-carousel-minimalist-flat,https://inhousewellness.com/blogs/saunas/home-sauna-steam-room-lifetime-operating-costs,https://inhousewellness.com/tools/sauna-running-cost,strong,evergreen,queued
