page,brand,reason
/products/1-2-person-infrared-sauna-model-number-low-emf-hemlock-bluetooth,Dynamic Saunas,no visible electrical section (theme-rendered description or spec line)
/products/arosa-4p-barrel-sauna,Golden Designs Inc,no visible electrical section (theme-rendered description or spec line)
/products/ct-georgian-cabin-sauna,Dundalk Leisurecraft,electrical text exists but has no natural phrase to link; no sentence is added
/products/dynamic-cardoba-2-infrared-sauna,Dynamic Saunas,no visible electrical section (theme-rendered description or spec line)
/products/dynamic-lugano-infrared-sauna,Dynamic Saunas,electrical text exists but has no natural phrase to link; no sentence is added
/products/dynamic-saunas-avila-elite,Dynamic Saunas,electrical text exists but has no natural phrase to link; no sentence is added
/products/dynamic-saunas-dyn-6115-05-veneto,Dynamic Saunas,electrical text exists but has no natural phrase to link; no sentence is added
/products/dynamic-saunas-dyn-6215-05-elite-lucca,Dynamic Saunas,electrical text exists but has no natural phrase to link; no sentence is added
/products/dynamic-saunas-dyn-6215-05-lucca,Dynamic Saunas,electrical text exists but has no natural phrase to link; no sentence is added
/products/dynamic-saunas-dyn-6220-01-elite-vittoria,Dynamic Saunas,electrical text exists but has no natural phrase to link; no sentence is added
/products/dynamic-saunas-dyn-6229-01-serena,Dynamic Saunas,electrical text exists but has no natural phrase to link; no sentence is added
/products/dynamic-ultra-low-emf-sauna,Dynamic Saunas,electrical text exists but has no natural phrase to link; no sentence is added
/products/finnmark-fd-3,Finnmark Designs,electrical text exists but has no natural phrase to link; no sentence is added
/products/gdi-6996-elite-sauna,Golden Designs Inc,electrical text exists but has no natural phrase to link; no sentence is added
/products/golden-designs-6-person-traditional-sauna,Golden Designs Inc,every linkable phrase is already used 8 times; skipped to keep anchors varied
/products/golden-designs-copenhagen,Golden Designs Inc,electrical text exists but has no natural phrase to link; no sentence is added
/products/golden-designs-forssa-traditional-sauna,Golden Designs Inc,no visible electrical section (theme-rendered description or spec line)
/products/golden-designs-gdi-6880-03,Golden Designs Inc,electrical text exists but has no natural phrase to link; no sentence is added
/products/golden-designs-monaco-limited,Golden Designs Inc,every linkable phrase is already used 8 times; skipped to keep anchors varied
/products/golden-designs-narvick,Golden Designs Inc,every linkable phrase is already used 8 times; skipped to keep anchors varied
/products/golden-designs-nora-hybrid,Golden Designs Inc,every linkable phrase is already used 8 times; skipped to keep anchors varied
/products/golden-designs-reserve-2-person-indoor-full-spectrum-infrared-sauna,Golden Designs Inc,no visible electrical section (theme-rendered description or spec line)
/products/golden-designs-reserve-3-person-indoor-full-spectrum-infrared-sauna-hemlock,Golden Designs Inc,no visible electrical section (theme-rendered description or spec line)
/products/golden-designs-soria-hybrid-sauna,Golden Designs Inc,every linkable phrase is already used 8 times; skipped to keep anchors varied
/products/golden-designs-sundsvall,Golden Designs Inc,every linkable phrase is already used 8 times; skipped to keep anchors varied
/products/golden-designs-toledo,Golden Designs Inc,no visible electrical section (theme-rendered description or spec line)
/products/goldendesigns-gargellen-hybrid-outdoor-sauna,Golden Designs Inc,electrical text exists but has no natural phrase to link; no sentence is added
/products/goldendesigns-visby-3-person-sauna,Golden Designs Inc,every linkable phrase is already used 8 times; skipped to keep anchors varied
/products/hand-finished-precut-sauna-kit,Scandia,no visible electrical section (theme-rendered description or spec line)
/products/hand-finished-sauna-kit-8-plus-people,Scandia,no visible electrical section (theme-rendered description or spec line)
/products/hanko-steam-sauna,Golden Designs Inc,electrical text exists but has no natural phrase to link; no sentence is added
/products/kaarina-6-person-sauna,Golden Designs Inc,every linkable phrase is already used 8 times; skipped to keep anchors varied
/products/kaskinen-6-sauna,Golden Designs Inc,no visible electrical section (theme-rendered description or spec line)
/products/kuusamo-6-person-sauna,Golden Designs Inc,electrical text exists but has no natural phrase to link; no sentence is added
/products/leisurecraft-ct-minipod-sauna-fits-3-4-people,Dundalk Leisurecraft,no visible electrical section (theme-rendered description or spec line)
/products/leisurecraft-granby-2-3-person-cabin-sauna,Dundalk Leisurecraft,no visible electrical section (theme-rendered description or spec line)
/products/leisurecraft-luna,Dundalk Leisurecraft,no visible electrical section (theme-rendered description or spec line)
/products/leisurecraft-serenity,Dundalk Leisurecraft,no visible electrical section (theme-rendered description or spec line)
/products/leisurecraft-timber-harmony-4-person-outdoor-barrel-sauna,Dundalk Leisurecraft,no visible electrical section (theme-rendered description or spec line)
/products/leisurecraft-tranquility-barrel-sauna,Dundalk Leisurecraft,no visible electrical section (theme-rendered description or spec line)
/products/maxxus-2-person-sauna-hemlock,Maxxus,electrical text exists but has no natural phrase to link; no sentence is added
/products/maxxus-3-person-corner-2mg-infrared-sauna,Maxxus,no visible electrical section (theme-rendered description or spec line)
/products/maxxus-3-person-infrared-sauna,Maxxus,every linkable phrase is already used 8 times; skipped to keep anchors varied
/products/maxxus-3-person-infrared-sauna-near-zero,Maxxus,every linkable phrase is already used 8 times; skipped to keep anchors varied
/products/maxxus-3-person-low-emf-far-infrared-sauna-canadian-red-cedar,Maxxus,no visible electrical section (theme-rendered description or spec line)
/products/maxxus-3-person-sauna-full-spectrum,Maxxus,electrical text exists but has no natural phrase to link; no sentence is added
/products/maxxus-3-person-sauna-hemlock,Maxxus,every linkable phrase is already used 8 times; skipped to keep anchors varied
/products/maxxus-4-person-sauna-cedar,Maxxus,every linkable phrase is already used 8 times; skipped to keep anchors varied
/products/maxxus-4-person-sauna-hemlock,Maxxus,every linkable phrase is already used 8 times; skipped to keep anchors varied
/products/maxxus-alpine,Maxxus,no visible electrical section (theme-rendered description or spec line)
/products/maxxus-bellevue-3-person-infrared-sauna,Maxxus,every linkable phrase is already used 8 times; skipped to keep anchors varied
/products/maxxus-bellevue-3-person-near-zero-emf-far-infrared-sauna-canadian-hemlock,Maxxus,electrical text exists but has no natural phrase to link; no sentence is added
/products/maxxus-chaumont-edition-far-infrared-sauna-corner-unit-4-person-low-emf-red-cedar,Maxxus,electrical text exists but has no natural phrase to link; no sentence is added
/products/maxxus-mx-k206-01-zf,Maxxus,no visible electrical section (theme-rendered description or spec line)
/products/maxxus-mx-k356-corner-sauna,Maxxus,no visible electrical section (theme-rendered description or spec line)
/products/maxxus-mx-k406-sauna,Maxxus,every linkable phrase is already used 8 times; skipped to keep anchors varied
/products/maxxus-s-line-2-person-indoor-full-spectrum-infrared-sauna,Maxxus,no visible electrical section (theme-rendered description or spec line)
/products/maxxus-s-line-mx-s206-01,Maxxus,every linkable phrase is already used 8 times; skipped to keep anchors varied
/products/maxxus-s-line-mx-s306-01-fs,Maxxus,every linkable phrase is already used 8 times; skipped to keep anchors varied
/products/maxxus-seattle-2-person-sauna,Maxxus,electrical text exists but has no natural phrase to link; no sentence is added
/products/maxxus-seattle-sauna,Maxxus,every linkable phrase is already used 8 times; skipped to keep anchors varied
/products/maxxus-trinity-3-person-low-emf-sauna,Maxxus,no visible electrical section (theme-rendered description or spec line)
/products/medical-sauna-traditional5,Medical Saunas,storefront answers 404 (not an active product)
/products/medical-sauna-traditional6,Medical Saunas,storefront answers 404 (not an active product)
/products/medical-sauna-traditional7,Medical Saunas,storefront answers 404 (not an active product)
/products/medical-sauna-traditional8,Medical Saunas,storefront answers 404 (not an active product)
/products/mw12-thermowood-r-outdoor-sauna-2-3-person,Mande Spa,no visible electrical section (theme-rendered description or spec line)
/products/mw16-thermowood,Mande Spa,no visible electrical section (theme-rendered description or spec line)
/products/mw20-thermowood,Mande Spa,no visible electrical section (theme-rendered description or spec line)
/products/pre-cut-hand-finished-sauna-kit-1-3-person,Scandia,no visible electrical section (theme-rendered description or spec line)
/products/ripavi-sointu-traditional-outdoor,Ripavi,no visible electrical section (theme-rendered description or spec line)
/products/ripavi-tauko-finish-sauna,Ripavi,no visible electrical section (theme-rendered description or spec line)
/products/saunalife-e8g,SaunaLife,no visible electrical section (theme-rendered description or spec line)
/products/saunalife-ee8g,SaunaLife,no visible electrical section (theme-rendered description or spec line)
/products/saunalife-g11,SaunaLife,no visible electrical section (theme-rendered description or spec line)
/products/saunalife-g3,SaunaLife,no visible electrical section (theme-rendered description or spec line)
/products/saunalife-g6,SaunaLife,no visible electrical section (theme-rendered description or spec line)
/products/scandia-4-person-barrel-sauna-kit,Scandia,no visible electrical section (theme-rendered description or spec line)
/products/scandia-barrel-sauna-4-person,Scandia,no visible electrical section (theme-rendered description or spec line)
/products/scandia-electric-barrel-sauna-kit,Scandia,electrical text exists but has no natural phrase to link; no sentence is added
/products/scandia-electric-barrel-sauna-kit-4-person,Scandia,electrical text exists but has no natural phrase to link; no sentence is added
/products/scandia-electric-barrel-sauna-kit-6x4x6,Scandia,no visible electrical section (theme-rendered description or spec line)
/blogs/wellness/thermal-modalities-interfere-training-adaptation,,no linkable electrical phrase in a paragraph or list item
/blogs/wellness/science-of-temperature-therapy-routines,,no linkable electrical phrase in a paragraph or list item
/blogs/wellness/what-is-functional-health-coaching,,no linkable electrical phrase in a paragraph or list item
/blogs/wellness/recovery-ladder-sleep-nutrition-movement-heat-cold-gadgets,,no linkable electrical phrase in a paragraph or list item
/blogs/saunas/mindfulness-the-revolutionary-productivity-boost,,no linkable electrical phrase in a paragraph or list item
/blogs/wellness/soft-tissue-perfusion-thermal-stress-visual-guide,,no linkable electrical phrase in a paragraph or list item
/blogs/wellness/thermal-stress-hormetic-window-human-studies,,no linkable electrical phrase in a paragraph or list item
/blogs/wellness/biophilic-design-measurable-outcomes-evidence,,no linkable electrical phrase in a paragraph or list item
/blogs/wellness/how-float-tanks-improve-sleep-quality,,no linkable electrical phrase in a paragraph or list item
/blogs/saunas/sauna-detox-science-explained,,no linkable electrical phrase in a paragraph or list item
/blogs/saunas/sauna-for-autoimmune-condition-symptom-relief,,no linkable electrical phrase in a paragraph or list item
/blogs/saunas/contrast-therapy-demystified-human-studies,,no linkable electrical phrase in a paragraph or list item
/blogs/saunas/sauna-autophagy,,no linkable electrical phrase in a paragraph or list item
/blogs/wellness/float-therapy-vs-cryotherapy-differences,,no linkable electrical phrase in a paragraph or list item
/blogs/saunas/sauna-wood-species-wet-heat-durability-off-gassing-maintenance,,no linkable electrical phrase in a paragraph or list item
/blogs/wellness/n-of-1-to-protocol-recovery-research-personal-routines,,no linkable electrical phrase in a paragraph or list item
/blogs/saunas/homedics-premium-steam-sauna-review,,no linkable electrical phrase in a paragraph or list item
/blogs/saunas/hidden-failure-points-diy-sauna-steam-projects,,no linkable electrical phrase in a paragraph or list item
/blogs/saunas/diflufenican-epyrifenacil-pfas-sauna-detox-facts,,no linkable electrical phrase in a paragraph or list item
/blogs/wellness/biohacking-tools-inflammation-reduction,,no linkable electrical phrase in a paragraph or list item
/blogs/saunas/golden-designs-osla-edition-review,,already links an electrical page
/blogs/saunas/dynamic-barcelona-sauna-review,,every linkable phrase is already used on 5 articles; skipped to keep anchors varied
/blogs/saunas/sun-home-saunas-review,,no linkable electrical phrase in a paragraph or list item
/blogs/saunas/clearlight-saunas-review,,no linkable electrical phrase in a paragraph or list item
/blogs/saunas/sunlighten-saunas-review,,no linkable electrical phrase in a paragraph or list item
/collections/frontpage,,no electrical words of its own to link
/collections/cal-flame,,no electrical words of its own to link
/collections/outdoor-kitchen,,no electrical words of its own to link
/collections/non-bb,,no electrical words of its own to link
/collections/more,,no electrical words of its own to link
/collections/leisurecraft,,no electrical words of its own to link
/collections/sauna-heaters,,no electrical words of its own to link
/collections/cabin-sauna,,no electrical words of its own to link
/collections/free-bonus,,no electrical words of its own to link
/collections/designer-sauna-heaters,,no electrical words of its own to link
/collections/dynamic-saunas,,no electrical words of its own to link
/collections/chromotherapy,,no electrical words of its own to link
/collections/maxxus,,no electrical words of its own to link
/collections/near-zero-emf,,every linkable phrase already used on 3 collections
/collections/full-spectrum,,no electrical words of its own to link
/collections/low-emf,,no electrical words of its own to link
/collections/ripavi,,no electrical words of its own to link
/collections/barrel-saunas,,no electrical words of its own to link
/collections/portable-saunas,,no electrical words of its own to link
/collections/narvi,,no electrical words of its own to link
/collections/heater-floor-plate,,no electrical words of its own to link
/collections/customers-only,,no electrical words of its own to link
/collections/fire-pits,,no electrical words of its own to link
/collections/outdoor-fireplaces,,no electrical words of its own to link
/collections/cal-saunas,,no electrical words of its own to link
/collections/frozen,,no electrical words of its own to link
/collections/spa,,no electrical words of its own to link
/collections/scandia,,no electrical words of its own to link
/collections/bbq-grills-accesories,,no electrical words of its own to link
/collections/primo-grills,,no electrical words of its own to link
/collections/bbq-grills,,no electrical words of its own to link
/collections/mande-spa,,no electrical words of its own to link
/collections/digital-downloads,,no electrical words of its own to link
/collections/kahuna-chair,,no electrical words of its own to link
/collections/sauna-life,,no electrical words of its own to link
/collections/broilmaster,,no electrical words of its own to link
/collections/kohler,,every linkable phrase already used on 3 collections
/collections/cozy-heat,,no electrical words of its own to link
/collections/avada-best-sellers,,no electrical words of its own to link
/collections/newest-products,,no electrical words of its own to link
/collections/best-selling-products,,no electrical words of its own to link
/collections/sauna-bestseller,,no electrical words of its own to link
/collections/sauna-generator,,no electrical words of its own to link
/collections/sauna-best-seller,,no electrical words of its own to link
