group,handle,voltage_or_note,product_type,template,title,url
voltage stated ONLY in the block,cal-flame-costa-bbq-island,120V,Outdoor Kitchen,default,Cal Flame Costa Outdoor BBQ Grill Station & Island – Premium 4-Burner G4 Grill with Porcelain Tile Finish,https://inhousewellness.com/products/cal-flame-costa-bbq-island
voltage stated ONLY in the block,cal-flame-bbq-island-tropical,120V,Outdoor Kitchen,default,"Cal Flame Tropical Q PV6016 Outdoor BBQ Island – Compact, Stylish, and Functional Outdoor Kitchen",https://inhousewellness.com/products/cal-flame-bbq-island-tropical
voltage stated ONLY in the block,bbk710-outdoor-kitchen-island,110V,Outdoor Kitchen,default,BBK710 Outdoor Kitchen Island – Premium Stainless Steel BBQ Island with Side Burner and Refrigerator,https://inhousewellness.com/products/bbk710-outdoor-kitchen-island
voltage stated ONLY in the block,bel-air-q810-outdoor-kitchen-island,120V,Outdoor Kitchen,default,Bel Air Q810 Outdoor Kitchen Island – Premium Stainless Steel BBQ Island with Ample Storage,https://inhousewellness.com/products/bel-air-q810-outdoor-kitchen-island
voltage stated ONLY in the block,dynamic-cold-therapy-pvc-barrel-cold-plunge,120V,Cold Plunge,Bundle,Dynamic Cold Therapy PVC Barrel Cold Plunge | Premium Recovery Solution,https://inhousewellness.com/products/dynamic-cold-therapy-pvc-barrel-cold-plunge
voltage stated ONLY in the block,dreampod-ice-bath-flex-with-chiller,240V,Cold Plunge,default,Dreampod Ice Bath Flex with Chiller: Your Ultimate Cold Therapy Solution,https://inhousewellness.com/products/dreampod-ice-bath-flex-with-chiller
voltage stated ONLY in the block,dynamic-cold-therapy-plunge,120V,Cold Plunge,Bundle,Dynamic Cold Therapy Inflatable Oval Cold Plunge,https://inhousewellness.com/products/dynamic-cold-therapy-plunge
voltage stated ONLY in the block,dynamic-cold-therapy-inflatable-cold-plunge-tub,120V,Cold Plunge,Bundle,Dynamic Cold Therapy Inflatable Cold Plunge Tub,https://inhousewellness.com/products/dynamic-cold-therapy-inflatable-cold-plunge-tub
voltage stated ONLY in the block,dreampod-ice-series-cold-plunge-barrel-flex,220V,Cold Plunge,default,Dreampod Ice Series: Cold Plunge Barrel FLEX with Chiller,https://inhousewellness.com/products/dreampod-ice-series-cold-plunge-barrel-flex
voltage stated ONLY in the block,dreampod-ice-series-ice-bath,240V,Cold Plunge,default,The Dreampod Ice Series Ice Bath with Chiller,https://inhousewellness.com/products/dreampod-ice-series-ice-bath
voltage stated ONLY in the block,dreampod-home-float-plus,240V,Float Tank,default,Home Float Plus by DreamPod – Affordable Float Pod for Home Use with Space-Saving Design,https://inhousewellness.com/products/dreampod-home-float-plus
voltage stated ONLY in the block,dreampod-sport-float,240V,Float Tank,default,Sport Float Pod by DreamPod – Entry-Level Commercial Float Tank with Durable Construction,https://inhousewellness.com/products/dreampod-sport-float
voltage stated ONLY in the block,products-v2-float-pod-premium-isolation-tank,240V,Float Tank,default,V2 Float Pod by DreamPod – Premium Isolation Tank with Enhanced Floatation System,https://inhousewellness.com/products/products-v2-float-pod-premium-isolation-tank
voltage stated ONLY in the block,designer-b-8kw-electric-sauna-heater-with-rocks-9053-210,240V,Sauna Heater,default,Designer B 8kW Sauna Heater with Rocks,https://inhousewellness.com/products/designer-b-8kw-electric-sauna-heater-with-rocks-9053-210
voltage stated ONLY in the block,designer-b-6kw-electric-sauna-heater-with-rocks-9053-206,240V,Sauna Heater,default,Designer B 6KW Sauna Heater with Rocks,https://inhousewellness.com/products/designer-b-6kw-electric-sauna-heater-with-rocks-9053-206
voltage stated ONLY in the block,designer-b-4-5kw-electric-sauna-heater-with-rocks-9053-202,240V,Sauna Heater,default,Designer B 4.5KW Sauna Heater with Rocks,https://inhousewellness.com/products/designer-b-4-5kw-electric-sauna-heater-with-rocks-9053-202
voltage stated ONLY in the block,maxxus-3-person-low-emf-far-infrared-sauna-canadian-red-cedar,120V,Sauna,default,Maxxus 3-Person Low EMF (Under 8MG) FAR Infrared Sauna,https://inhousewellness.com/products/maxxus-3-person-low-emf-far-infrared-sauna-canadian-red-cedar
voltage stated ONLY in the block,maxxus-3-person-corner-2mg-infrared-sauna,120V,Sauna,default,Maxxus 3-Person Corner Low EMF (Under 2MG) FAR Infrared Sauna,https://inhousewellness.com/products/maxxus-3-person-corner-2mg-infrared-sauna
voltage stated ONLY in the block,maxxus-3-person-infrared-sauna,240V,Sauna,default,Maxxus 3-Person Low EMF FAR Infrared Sauna - Canadian Red Cedar | Maxxus Sauna,https://inhousewellness.com/products/maxxus-3-person-infrared-sauna
voltage stated ONLY in the block,dynamic-cold-therapy-dct-sv-08do3-chiller-heater-wifi,120V,Cold Plunge,default,Dynamic Cold Therapy Premier Edition DCT-SV-08DO3 – 0.8 HP Cold & Heat System with WiFi,https://inhousewellness.com/products/dynamic-cold-therapy-dct-sv-08do3-chiller-heater-wifi
voltage stated ONLY in the block,dynamic-cold-therapy-chiller-dct-sv-10do3,120V,Cold Plunge,default,Dynamic Cold Therapy Premier Edition DCT-SV-10DO3 - 1.0 HP Cold/Heat System with WiFi,https://inhousewellness.com/products/dynamic-cold-therapy-chiller-dct-sv-10do3
voltage stated ONLY in the block,maxxus-3-person-sauna-hemlock-1,240V,Sauna,default,Maxxus 3-Person Corner Low EMF FAR Infrared Sauna – Canadian Red Cedar,https://inhousewellness.com/products/maxxus-3-person-sauna-hemlock-1
voltage stated ONLY in the block,maxxus-3-person-infrared-sauna-near-zero,240V,Sauna,default,Maxxus 3-Person Near Zero EMF FAR Infrared Sauna – Canadian Red Cedar,https://inhousewellness.com/products/maxxus-3-person-infrared-sauna-near-zero
voltage stated ONLY in the block,maxxus-3-person-corner-sauna-hemlock,240V,Sauna,default,Maxxus 3-Person Corner Near Zero EMF FAR Infrared Sauna – Canadian Hemlock,https://inhousewellness.com/products/maxxus-3-person-corner-sauna-hemlock
voltage stated ONLY in the block,maxxus-3-person-sauna-full-spectrum,240V,Sauna,default,Maxxus 3-Person Full Spectrum Near Zero EMF FAR Infrared Sauna – Canadian Red Cedar,https://inhousewellness.com/products/maxxus-3-person-sauna-full-spectrum
voltage stated ONLY in the block,arlberg-3-person-sauna,240V,Sauna,default,"Golden Designs ""Arlberg"" 3-Person Traditional Outdoor Sauna - Canadian Hemlock",https://inhousewellness.com/products/arlberg-3-person-sauna
voltage stated ONLY in the block,kaskinen-6-sauna,240V,Sauna,default,Golden Designs Kaskinen 6-Person Hybrid Outdoor Sauna – Canadian Red Cedar Interior,https://inhousewellness.com/products/kaskinen-6-sauna
voltage stated ONLY in the block,golden-designs-toledo,240V,Sauna,default,Golden Designs Toledo Per Hybrid Sauna (Indoor). Full Spectrum and Harvia Traditional Stove,https://inhousewellness.com/products/golden-designs-toledo
voltage stated ONLY in the block,golden-designs-forssa-traditional-sauna,240V,Sauna,default,"Golden Designs ""Forssa Edition"" 4 Person Traditional Sauna  - Canadian Red Cedar Interior",https://inhousewellness.com/products/golden-designs-forssa-traditional-sauna
voltage stated ONLY in the block,golden-designs-reserve-2-person-indoor-full-spectrum-infrared-sauna,120V,Sauna,default,"Golden Designs Reserve 2 Person Indoor Full Spectrum Infrared Sauna – Hemlock, Bluetooth, Chromotherapy, Himalayan Salt Bar",https://inhousewellness.com/products/golden-designs-reserve-2-person-indoor-full-spectrum-infrared-sauna
voltage stated ONLY in the block,maxxus-s-line-2-person-indoor-full-spectrum-infrared-sauna,120V,Sauna,default,"Maxxus S-Line 2 Person Indoor Full Spectrum Infrared Sauna – Pacific Cedar, Bluetooth, Chromotherapy",https://inhousewellness.com/products/maxxus-s-line-2-person-indoor-full-spectrum-infrared-sauna
voltage stated ONLY in the block,golden-designs-klosters,240V,Sauna,default,"Golden Designs ""Klosters"" 6-Person Outdoor Barrel Traditional Sauna",https://inhousewellness.com/products/golden-designs-klosters
voltage stated ONLY in the block,leisurecraft-timber-harmony-4-person-outdoor-barrel-sauna,240V,Sauna,Bundle,Leisurecraft Timber Harmony 4 Person Outdoor Barrel Sauna,https://inhousewellness.com/products/leisurecraft-timber-harmony-4-person-outdoor-barrel-sauna
voltage stated ONLY in the block,leisurecraft-serenity,240V,Sauna,Bundle,LeisureCraft Serenity Barrel Sauna – Fits 3-4 People,https://inhousewellness.com/products/leisurecraft-serenity
voltage stated ONLY in the block,leisurecraft-granby-2-3-person-cabin-sauna,240V,Sauna,Bundle,LeisureCraft Granby 2-3 Person Outdoor Sauna – Premium Cedar Cabin Design,https://inhousewellness.com/products/leisurecraft-granby-2-3-person-cabin-sauna
voltage stated ONLY in the block,leisurecraft-luna,240V,Sauna,Bundle,LeisureCraft Luna Sauna – Fits 2-3 People,https://inhousewellness.com/products/leisurecraft-luna
voltage stated ONLY in the block,leisurecraft-tranquility-barrel-sauna,240V,Sauna,Bundle,LeisureCraft Tranquility Barrel Sauna for up to 8 People | Premium Canadian Cedar,https://inhousewellness.com/products/leisurecraft-tranquility-barrel-sauna
voltage stated ONLY in the block,scandia-electric-barrel-sauna-kit-6x4x6,240V,Sauna,Bundle,Scandia Electric Barrel Sauna Kit – Traditional Sauna,https://inhousewellness.com/products/scandia-electric-barrel-sauna-kit-6x4x6
voltage stated ONLY in the block,scandia-4-person-barrel-sauna-kit,240V,Sauna,Bundle,Scandia 4-Person Barrel Sauna Kit – Traditional Electric Sauna for Home Wellness & Relaxation,https://inhousewellness.com/products/scandia-4-person-barrel-sauna-kit
voltage stated ONLY in the block,scandia-electric-barrel-sauna-kit-8-person,240V,Sauna,Bundle,Scandia Electric Barrel Sauna Kit – 8-Person Traditional Sauna for Relaxation & Wellness,https://inhousewellness.com/products/scandia-electric-barrel-sauna-kit-8-person
voltage stated ONLY in the block,lbk-401-bbq-island,110V,Outdoor Kitchen,default,Cal Flame LBK-401 BBQ Island – Premium Stainless Steel Outdoor Kitchen with P4 Grill and Seating,https://inhousewellness.com/products/lbk-401-bbq-island
voltage stated ONLY in the block,kona-q-601-bbq-island-kitchen,120V,Outdoor Kitchen,default,Cal Flame Kona Q 601 BBQ Island Kitchen – Premium Stainless Steel Outdoor Kitchen with P4 Grill and Optional Refrigerator,https://inhousewellness.com/products/kona-q-601-bbq-island-kitchen
voltage stated ONLY in the block,outdoor-kitchen-island-bbk-830-cal-flame,110V,Outdoor Kitchen,default,Cal Flame BBK-830 Outdoor Kitchen Island with Extended Bar – Premium Stainless Steel BBQ Island with Side Burner and Refrigerator,https://inhousewellness.com/products/outdoor-kitchen-island-bbk-830-cal-flame
voltage stated ONLY in the block,avalon-q-820-outdoor-kitchen-island,110V,Outdoor Kitchen,default,Cal Flame Avalon Q 820 Outdoor Kitchen Island – Premium Stainless Steel BBQ Island with Side Burner and Refrigerator,https://inhousewellness.com/products/avalon-q-820-outdoor-kitchen-island
voltage stated ONLY in the block,la-jolla-q-pv7000-outdoor-kitchen-island,120V,Outdoor Kitchen,default,Cal Flame La Jolla Q PV7000 Outdoor Kitchen Island – Premium Stainless Steel BBQ Island with Side Burner and Refrigerator,https://inhousewellness.com/products/la-jolla-q-pv7000-outdoor-kitchen-island
voltage stated ONLY in the block,huum-hive-12,240V,Sauna Heater,Bundle,HUUM HIVE 12 Electric Sauna Heater – Floor Standing Stainless Steel Design,https://inhousewellness.com/products/huum-hive-12
voltage stated ONLY in the block,golden-designs-reserve-3-person-indoor-full-spectrum-infrared-sauna-hemlock,120V,Sauna,default,"Golden Designs Reserve Edition – 3 person Indoor Full Spectrum Infrared Sauna – Hemlock, Himalayan Salt Bar, Chromotherapy, Bluetooth",https://inhousewellness.com/products/golden-designs-reserve-3-person-indoor-full-spectrum-infrared-sauna-hemlock
voltage stated ONLY in the block,arosa-4p-barrel-sauna,240V,Sauna,default,"Golden Designs ""Arosa"" 4 Person Barrel Traditional Sauna",https://inhousewellness.com/products/arosa-4p-barrel-sauna
voltage stated ONLY in the block,helios-hm5500,120V,Massage Chair,default,"Helios HM5500 Massage Chair – 3‑Position Zero Gravity, Infrared Heat",https://inhousewellness.com/products/helios-hm5500
voltage stated ONLY in the block,saunalife-cl12gcp-outdoor-sauna-suite-kit,120V,Sauna,default,SaunaLife CL12GCP Outdoor Sauna Suite Kit with Dressing Room & Wi-Fi LED Lighting,https://inhousewellness.com/products/saunalife-cl12gcp-outdoor-sauna-suite-kit
"combustion — flue, not a circuit",laguna-q-gpv3100-outdoor-island,combustion,,default,Laguna Q GPV3100 Outdoor Kitchen Island – Premium 5-Burner Convection Grill with Deep Fryer and Side Burners,https://inhousewellness.com/products/laguna-q-gpv3100-outdoor-island
"combustion — flue, not a circuit",cal-flame-carmel-bbq-island,combustion,,default,Cal Flame Carmel Q870 Outdoor Kitchen Island – Premium Stainless Steel BBQ Island with Side Burner and Refrigerator,https://inhousewellness.com/products/cal-flame-carmel-bbq-island
"combustion — flue, not a circuit",cal-flame-paradise-outdoor-entertainment-center,combustion,,default,Cal Flame ODC-1 Paradise Outdoor Entertainment Center,https://inhousewellness.com/products/cal-flame-paradise-outdoor-entertainment-center
"combustion — flue, not a circuit",pacifica-q701-outdoor-kitchen,combustion,,default,Cal Flame Pacifica Q701 Outdoor Kitchen Island – Premium Stainless Steel BBQ Island with Side Burner and Refrigerator,https://inhousewellness.com/products/pacifica-q701-outdoor-kitchen
"combustion — flue, not a circuit",atlantic-q801-outdoor-kitchen-island,combustion,,default,Atlantic Q801 Outdoor Kitchen Island – Premium Stainless Steel BBQ Island with Side Burner and Refrigerator,https://inhousewellness.com/products/atlantic-q801-outdoor-kitchen-island
"combustion — flue, not a circuit",ripavi-tauko-finish-sauna,combustion,,default,"Ripavi Tauko Premium Finnish Sauna – Traditional Wood-Burning or Electric Heater, Luxurious and Sustainable Design",https://inhousewellness.com/products/ripavi-tauko-finish-sauna
"combustion — flue, not a circuit",products-scandia-80k-btu-gas-sauna-heater,combustion,,default,Scandia 80K BTU Gas Sauna Heater - Liquid Propane,https://inhousewellness.com/products/products-scandia-80k-btu-gas-sauna-heater
"combustion — flue, not a circuit",scandia-80k-btu-gas-sauna-heater-copy,combustion,,default,Scandia 80K BTU Gas Sauna Heater - Natural Gas,https://inhousewellness.com/products/scandia-80k-btu-gas-sauna-heater-copy
"combustion — flue, not a circuit",scandia-heater-natural-gas-40k,combustion,,default,Scandia 40K BTU Gas Sauna Heater - Natural Gas,https://inhousewellness.com/products/scandia-heater-natural-gas-40k
"combustion — flue, not a circuit",scandia-40k-btu-liquid-propane,combustion,,default,Scandia 40K BTU Gas Sauna Heater - Liquid Propane,https://inhousewellness.com/products/scandia-40k-btu-liquid-propane
"combustion — flue, not a circuit",starlight-wood-burning-hot-tub-ct372w,combustion,,Bundle,Dundalk LeisureCraft The Starlight Wood Burning Hot Tub,https://inhousewellness.com/products/starlight-wood-burning-hot-tub-ct372w
"combustion — flue, not a circuit",lbk-402-bbq-island-luxury-outdoor-kitchen,combustion,,default,Cal Flame Luxury Outdoor Kitchen – 6 ft. L-Shaped BBQ Island with P4 Grill and Side Table,https://inhousewellness.com/products/lbk-402-bbq-island-luxury-outdoor-kitchen
"combustion — flue, not a circuit",primo-all-in-one-large-round-ceramic-kamado-charcoal-grill,combustion,,default,Primo All-In-One Large Round Ceramic Kamado Charcoal Grill,https://inhousewellness.com/products/primo-all-in-one-large-round-ceramic-kamado-charcoal-grill
"combustion — flue, not a circuit",primo-oval-junior-ceramic-kamado-charcoal-grill,combustion,,default,Primo Oval Junior Ceramic Kamado Charcoal Grill,https://inhousewellness.com/products/primo-oval-junior-ceramic-kamado-charcoal-grill
"combustion — flue, not a circuit",primo-junior-charcoal-all-in-one,combustion,,default,Primo Junior Charcoal All‑In‑One,https://inhousewellness.com/products/primo-junior-charcoal-all-in-one
"combustion — flue, not a circuit",primo-large-charcoal,combustion,,default,Primo Large Charcoal,https://inhousewellness.com/products/primo-large-charcoal
"combustion — flue, not a circuit",primo-large-charcoal-all-in-one,combustion,,default,Primo | Large Charcoal All-In-One,https://inhousewellness.com/products/primo-large-charcoal-all-in-one
"combustion — flue, not a circuit",primo-oval-xl-ceramic-kamado-charcoal-grill,combustion,,default,Primo Oval XL Ceramic Kamado Charcoal Grill,https://inhousewellness.com/products/primo-oval-xl-ceramic-kamado-charcoal-grill
"combustion — flue, not a circuit",primo-all-in-one-oval-large-ceramic-kamado-charcoal-grill,combustion,,default,Primo All-In-One Oval Large Ceramic Kamado Charcoal Grill,https://inhousewellness.com/products/primo-all-in-one-oval-large-ceramic-kamado-charcoal-grill
"combustion — flue, not a circuit",primo-all-in-one-oval-xxl-ceramic-kamado-charcoal-grill,combustion,,default,Primo All-In-One Oval XXL Ceramic Kamado Charcoal Grill,https://inhousewellness.com/products/primo-all-in-one-oval-xxl-ceramic-kamado-charcoal-grill
"combustion — flue, not a circuit",primo-x-large-charcoal-jack-daniel-s-edition-grill-head-only,combustion,,default,Primo | X‑Large Charcoal Jack Daniel’s Edition (Grill Head Only),https://inhousewellness.com/products/primo-x-large-charcoal-jack-daniel-s-edition-grill-head-only
"combustion — flue, not a circuit",narvi-luosto,combustion,,Bundle,Narvi Luosto VS 16kW Wood-Burning Sauna Stove with Watertank,https://inhousewellness.com/products/narvi-luosto
"combustion — flue, not a circuit",narvi-inari,combustion,,Bundle,Narvi Inari Plus 16 kW Wood‑Burning Sauna Stove,https://inhousewellness.com/products/narvi-inari
"combustion — flue, not a circuit",huum-hive,combustion,,default,Wood-Burning Sauna Stove + Stones – 9.8kW – For 282–635 cu. ft. Sauna Rooms,https://inhousewellness.com/products/huum-hive
"combustion — flue, not a circuit",harvia-150-bk,combustion,,default,Harvia Legend 150 BK WH Sauna Stove Package – 16kW Wood-Burning Sauna Heater with Water Tank & Chimney Kit,https://inhousewellness.com/products/harvia-150-bk
"combustion — flue, not a circuit",harvia-legend-150,combustion,,default,Harvia Legend 150 SS WH Sauna Stove Package – 16kW Wood-Burning Sauna Heater with Water Tank & Chimney Kit,https://inhousewellness.com/products/harvia-legend-150
"combustion — flue, not a circuit",harvia-20bk,combustion,,default,"Harvia Pro 20 BK WH Sauna Stove Package – 24kW Wood-Burning Stove with Chimney, Water Heater & Stones",https://inhousewellness.com/products/harvia-20bk
"combustion — flue, not a circuit",harvia-legend-150-ss,combustion,,default,"Harvia Legend 150 SS Sauna Stove Package – 16kW Wood-Burning Stove with Chimney, Sheath & Stones",https://inhousewellness.com/products/harvia-legend-150-ss
"combustion — flue, not a circuit",harvia-pro20,combustion,,default,Harvia Pro 20 SS WH Pkg — Complete 24kW Wood-Burning Sauna Stove System,https://inhousewellness.com/products/harvia-pro20
"combustion — flue, not a circuit",saunalife-s4b-hottub,combustion,,default,"SaunaLife Model S4B – 6‑Person Wood‑Burning Hot Tub, Black Thermo‑Spruce",https://inhousewellness.com/products/saunalife-s4b-hottub
"combustion — flue, not a circuit",saunalife-s4n,combustion,,default,SaunaLife Soak-Series Wood-Burning Hot Tub – Natural Thermo-Spruce – Up to 6 Persons,https://inhousewellness.com/products/saunalife-s4n
"combustion — flue, not a circuit",broilmaster-bsg424n,combustion,,Bundle,"Broilmaster G‑Series 42"" Elite Edition Built‑In Gas Grill – BSG424N",https://inhousewellness.com/products/broilmaster-bsg424n
"combustion — flue, not a circuit",broilmaster-bsg343n,combustion,,Bundle,Broilmaster G‑Series 34″ Built‑In Gas Grill Elite Edition | BSG343N,https://inhousewellness.com/products/broilmaster-bsg343n
"combustion — flue, not a circuit",broilmaster-bsb324mgn,combustion,,Bundle,Broilmaster B‑Series Marine Grade 32″ Built‑In Gas Grill BSB324MGN,https://inhousewellness.com/products/broilmaster-bsb324mgn
"combustion — flue, not a circuit",broilmaster-bsg262n,combustion,,Bundle,Broilmaster G‑Series 26″ Built‑In Gas Grill Elite Edition BSG262N,https://inhousewellness.com/products/broilmaster-bsg262n
"combustion — flue, not a circuit",broilmaster-bsb405p,combustion,,default,"Broilmaster B‑Series 40″ Built‑In Propane Gas Grill | 85,000 BTU | BSB405P",https://inhousewellness.com/products/broilmaster-bsb405p
"combustion — flue, not a circuit",broilmaster-bsb322g,combustion,,Bundle,"Broilmaster B‑Series 32″ Built‑In Gas Griddle | 36,000 BTU | BSB322G",https://inhousewellness.com/products/broilmaster-bsb322g
"combustion — flue, not a circuit",broilmaster-p3sx,combustion,,Bundle,Broilmaster P3SX Super Premium Built‑In Gas Grill,https://inhousewellness.com/products/broilmaster-p3sx
"combustion — flue, not a circuit",broilmaster-bsb324p,combustion,,default,Broilmaster B‑Series 32″ Built‑In Propane Gas Grill BSB324P,https://inhousewellness.com/products/broilmaster-bsb324p
"combustion — flue, not a circuit",broilmaster-p3pk5,combustion,,default,Broilmaster P3X Premium Series Gas Grill on Stainless Steel Cart | P3PK5,https://inhousewellness.com/products/broilmaster-p3pk5
"combustion — flue, not a circuit",broilmaster-p3pk7n,combustion,,default,Broilmaster P3X Gas Grill with Deck‑Mount Base & NG‑LP Conversion Kit P3PK7N,https://inhousewellness.com/products/broilmaster-p3pk7n
"combustion — flue, not a circuit",broilmaster-p3pk5n,combustion,,default,Broilmaster P3PK5N Premium Series Natural Gas Grill with Stainless Steel Cart & Shelf,https://inhousewellness.com/products/broilmaster-p3pk5n
"combustion — flue, not a circuit",huum-hive-flow-ls-wood-sauna-stove-kit,combustion,,Bundle,Huum HIVE Flow LS Pkg Wood-Burning Sauna Stove Kit 9.8 kW,https://inhousewellness.com/products/huum-hive-flow-ls-wood-sauna-stove-kit
"combustion — flue, not a circuit",huum-hive-flow-wood-sauna-stove-package,combustion,,Bundle,HUUM HIVE FLOW PKG Wood-Burning Sauna Stove Package 9.8 kW,https://inhousewellness.com/products/huum-hive-flow-wood-sauna-stove-package
"combustion — flue, not a circuit",huum-hive-flow-mini-ls-pkg-wood-sauna-stove-package,combustion,,Bundle,HUUM HIVE Flow Mini LS PKG Wood-Burning Sauna Stove Package 8.5 kW,https://inhousewellness.com/products/huum-hive-flow-mini-ls-pkg-wood-sauna-stove-package
"combustion — flue, not a circuit",huum-hive-flow-ls-9-8kw-wood-sauna-stove,combustion,,Bundle,HUUM HIVE Flow LS Wood-Burning Sauna Stove 9.8 kW Firebox Extension,https://inhousewellness.com/products/huum-hive-flow-ls-9-8kw-wood-sauna-stove
"combustion — flue, not a circuit",huum-hive-flow-9-8kw-wood-sauna-stove,combustion,,Bundle,HUUM HIVE Flow 9.8 kW Wood-Burning Sauna Stove,https://inhousewellness.com/products/huum-hive-flow-9-8kw-wood-sauna-stove
"combustion — flue, not a circuit",huum-hive-wood-17-ls-pkg-17kw-wood-sauna-stove-package,combustion,,default,HUUM HIVE Wood LS 17 Pkg 17kW Wood-Burning Sauna Heater Package,https://inhousewellness.com/products/huum-hive-wood-17-ls-pkg-17kw-wood-sauna-stove-package
"combustion — flue, not a circuit",huum-hive-wood-17-ls-17kw-wood-sauna-stove,combustion,,Bundle,HUUM HIVE Wood 17 LS Wood Sauna Stove 17 kW,https://inhousewellness.com/products/huum-hive-wood-17-ls-17kw-wood-sauna-stove
"combustion — flue, not a circuit",huum-hive-wood-17st-pkg-17kw-wood-sauna-stove-kit,combustion,,default,HUUM HIVE Wood 17ST Pkg 17kW Wood Sauna Stove Kit,https://inhousewellness.com/products/huum-hive-wood-17st-pkg-17kw-wood-sauna-stove-kit
"combustion — flue, not a circuit",narvi-30-24kw-wood-burning-sauna-stove,combustion,,Bundle,Narvi 30 Wood-Burning Sauna Stove 24 kW with Black Steel Casing & Glass Door,https://inhousewellness.com/products/narvi-30-24kw-wood-burning-sauna-stove
"combustion — flue, not a circuit",narvi-luosto-vs-16kw-wood-burning-sauna-stove,combustion,,Bundle,"Narvi Luosto VS Wood-Burning Sauna Stove with 30 L Water Tank, 16 kW",https://inhousewellness.com/products/narvi-luosto-vs-16kw-wood-burning-sauna-stove
"combustion — flue, not a circuit",narvi-luosto-16kw-wood-burning-sauna-stove,combustion,,Bundle,Narvi Luosto Wood-Burning Sauna Stove 8–20 m³,https://inhousewellness.com/products/narvi-luosto-16kw-wood-burning-sauna-stove
"combustion — flue, not a circuit",narvi-kaamos-20-21kw-wood-burning-sauna-stove,combustion,,Bundle,Narvi Kaamos 20 Wood-Burning Sauna Stove 21 kW Painted Black,https://inhousewellness.com/products/narvi-kaamos-20-21kw-wood-burning-sauna-stove
"combustion — flue, not a circuit",harvia-wk500-40kw-wood-burning-sauna-stove,combustion,,Bundle,Harvia WK500 40 kW Wood-Burning Sauna Stove Black,https://inhousewellness.com/products/harvia-wk500-40kw-wood-burning-sauna-stove
"combustion — flue, not a circuit",narvi-nc-16-black-16kw-wood-burning-sauna-stove,combustion,,Bundle,Narvi NC 16 Black Wood-Burning Sauna Stove 16 kW,https://inhousewellness.com/products/narvi-nc-16-black-16kw-wood-burning-sauna-stove
"combustion — flue, not a circuit",harvia-legend-150-bk-wh-pkg-16kw-wood-sauna-stove-package,combustion,,default,Harvia LEGEND 150 BK WH PKG 16kW Wood-Burning Sauna Stove Package,https://inhousewellness.com/products/harvia-legend-150-bk-wh-pkg-16kw-wood-sauna-stove-package
"combustion — flue, not a circuit",harvia-legend-150-ss-wh-pkg-16kw-wood-sauna-stove-package,combustion,,default,Harvia LEGEND 150 SS WH PKG 16kW Wood-Burning Sauna Stove Kit,https://inhousewellness.com/products/harvia-legend-150-ss-wh-pkg-16kw-wood-sauna-stove-package
"combustion — flue, not a circuit",harvia-legend-150-bk-pkg-16kw-wood-sauna-stove-package,combustion,,default,Harvia LEGEND 150 BK PKG Wood-Burning Sauna Stove Package 16kW,https://inhousewellness.com/products/harvia-legend-150-bk-pkg-16kw-wood-sauna-stove-package
"combustion — flue, not a circuit",harvia-legend-150-16kw-wood-sauna-stove-kit,combustion,,default,Harvia Legend 150 SS PKG 16 kW Wood-Burning Sauna Stove Kit,https://inhousewellness.com/products/harvia-legend-150-16kw-wood-sauna-stove-kit
"combustion — flue, not a circuit",harvia-pro-20-bk-wh-pkg-24-1kw-wood-sauna-stove-package,combustion,,default,Harvia PRO 20 BK WH PKG Wood-Burning Sauna Stove Package 24.1 kW Black,https://inhousewellness.com/products/harvia-pro-20-bk-wh-pkg-24-1kw-wood-sauna-stove-package
"combustion — flue, not a circuit",harvia-pro-20-ss-wh-pkg-24kw-wood-sauna-stove-package,combustion,,default,Harvia PRO 20 SS WH PKG 24kW Wood-Burning Sauna Stove Package,https://inhousewellness.com/products/harvia-pro-20-ss-wh-pkg-24kw-wood-sauna-stove-package
"combustion — flue, not a circuit",harvia-pro-20-ss-wh-pkg-wood-burning-sauna-stove-package-24-kw,combustion,,default,Harvia PRO 20 SS WH PKG Wood-Burning Sauna Stove Package 24 kW,https://inhousewellness.com/products/harvia-pro-20-ss-wh-pkg-wood-burning-sauna-stove-package-24-kw
"combustion — flue, not a circuit",harvia-pro-20-bk-pkg-24-1kw-wood-sauna-stove-package,combustion,,default,Harvia Pro 20 BK Pkg Wood-Burning Sauna Stove Package 24.1 kW,https://inhousewellness.com/products/harvia-pro-20-bk-pkg-24-1kw-wood-sauna-stove-package
"combustion — flue, not a circuit",harvia-pro-20-ss-pkg-24-1kw-wood-sauna-stove-package,combustion,,default,Harvia PRO 20 SS PKG Wood-Burning Sauna Stove Package 24.1 kW,https://inhousewellness.com/products/harvia-pro-20-ss-pkg-24-1kw-wood-sauna-stove-package
"combustion — flue, not a circuit",harvia-m3-bk-lg-flk-pkg-16-5kw-wood-sauna-stove-package,combustion,,default,Harvia M3 BK LG FLK PKG Wood-Burning Sauna Stove Package 16.5 kW,https://inhousewellness.com/products/harvia-m3-bk-lg-flk-pkg-16-5kw-wood-sauna-stove-package
"combustion — flue, not a circuit",harvia-m3-bk-md-flk-16-5kw-wood-sauna-stove-package,combustion,,default,Harvia M3 BK MD FLK Wood-Burning Sauna Stove Package 16.5 kW,https://inhousewellness.com/products/harvia-m3-bk-md-flk-16-5kw-wood-sauna-stove-package
"combustion — flue, not a circuit",harvia-m3-bk-sm-flk-pkg-16-5kw-wood-sauna-stove-package,combustion,,default,Harvia M3 BK SM FLK PKG Wood-Burning Sauna Stove Package 16.5 kW,https://inhousewellness.com/products/harvia-m3-bk-sm-flk-pkg-16-5kw-wood-sauna-stove-package
"combustion — flue, not a circuit",harvia-m3-ss-lg-flk-16-5kw-wood-sauna-stove-package,combustion,,default,Harvia M3 SS LG FLK Package 16.5 kW Wood-Burning Sauna Stove Kit,https://inhousewellness.com/products/harvia-m3-ss-lg-flk-16-5kw-wood-sauna-stove-package
"combustion — flue, not a circuit",harvia-m3-ss-md-flk-pkg-16-5kw-wood-sauna-stove-package,combustion,,default,Harvia M3 SS MD FLK PKG Wood-Burning Sauna Stove Package 16.5 kW,https://inhousewellness.com/products/harvia-m3-ss-md-flk-pkg-16-5kw-wood-sauna-stove-package
"combustion — flue, not a circuit",harvia-m3-ss-sm-flk-pkg-16-5kw-wood-sauna-stove-package,combustion,,default,Harvia M3 SS SM FLK PKG 16.5 kW Wood-Burning Sauna Stove Package,https://inhousewellness.com/products/harvia-m3-ss-sm-flk-pkg-16-5kw-wood-sauna-stove-package
"combustion — flue, not a circuit",harvia-m3-bk-pkg,combustion,,default,Harvia M3 BK PKG Wood-Burning Sauna Stove Package 16.5 kW,https://inhousewellness.com/products/harvia-m3-bk-pkg
"combustion — flue, not a circuit",harvia-m3-ss-pkg,combustion,,default,Harvia M3 SS PKG 16.5 kW Wood-Burning Sauna Stove Package,https://inhousewellness.com/products/harvia-m3-ss-pkg
"combustion — flue, not a circuit",harvia-legend-300duo-sauna-stove,combustion,,Bundle,Harvia Legend 300DUO 23.5 kW Wood-Burning Sauna Stove/Fireplace Combo Black,https://inhousewellness.com/products/harvia-legend-300duo-sauna-stove
"combustion — flue, not a circuit",harvia-legend-300-stove,combustion,,Bundle,Harvia Legend 300 Wood Burning Sauna Stove 23 kW Black Steel,https://inhousewellness.com/products/harvia-legend-300-stove
"combustion — flue, not a circuit",harvia-36-duo-stove,combustion,,Bundle,Harvia 36 Duo Steel 31 kW Wood Sauna Stove,https://inhousewellness.com/products/harvia-36-duo-stove
"combustion — flue, not a circuit",cozy-quattro-tw-12kw-wood-sauna-stove,combustion,,Bundle,Cozy Heat COZY QUATTRO TW 12kW Thru-Wall Wood Sauna Stove,https://inhousewellness.com/products/cozy-quattro-tw-12kw-wood-sauna-stove
"combustion — flue, not a circuit",cozy-12-og-tw,combustion,,Bundle,Cozy Heat COZY 12 OG-TW Thru-Wall Wood Sauna Stove 11.5 kW,https://inhousewellness.com/products/cozy-12-og-tw
"combustion — flue, not a circuit",cozy-12-sw-tw,combustion,,Bundle,Cozy Heat COZY 12 SW-TW Thru-Wall Wood Sauna Stove 11.5 kW,https://inhousewellness.com/products/cozy-12-sw-tw
"combustion — flue, not a circuit",cozy-quattro-sauna-stove,combustion,,Bundle,Cozy Heat COZY Quattro Wood-Burning Sauna Stove 12 kW or 18kW,https://inhousewellness.com/products/cozy-quattro-sauna-stove
"combustion — flue, not a circuit",cozy-og-wood-stove,combustion,,Bundle,Cozy Heat COZY OG Wood-Burning Sauna Stove 12kW,https://inhousewellness.com/products/cozy-og-wood-stove
"combustion — flue, not a circuit",cozy-sw-sauna-stove,combustion,,Bundle,Cozy Heat COZY 12 SW Wood-Burning Sauna Stove 12 kW or 18kW,https://inhousewellness.com/products/cozy-sw-sauna-stove
"combustion — flue, not a circuit",cozy-heat-cozy-stove,combustion,,Bundle,Cozy Heat COZY Wood-Burning Sauna Stove 12kW/18kW,https://inhousewellness.com/products/cozy-heat-cozy-stove
"combustion — flue, not a circuit",cozy-o-tw-wood-stove,combustion,,Bundle,Cozy Heat COZY O-TW Through-The-Wall Wood Sauna Stove 12 kW,https://inhousewellness.com/products/cozy-o-tw-wood-stove
"combustion — flue, not a circuit",cozy-tw-thru-wall-stove,combustion,,Bundle,Cozy Heat COZY TW Thru-Wall Wood Sauna Stove 12kW or 18kW,https://inhousewellness.com/products/cozy-tw-thru-wall-stove
"combustion — flue, not a circuit",cozy-heat-cozy12-o,combustion,,Bundle,Cozy Heat COZY12 O Wood-Burning Sauna Stove,https://inhousewellness.com/products/cozy-heat-cozy12-o
"kW published, no voltage",scandia-electric-heater-6kw,6 kW,,default,Scandia Electric Ultra Sauna Heater - Medium (6.0KW),https://inhousewellness.com/products/scandia-electric-heater-6kw
"kW published, no voltage",scandia-electric-heater-7kw,7.5 kW,,default,Scandia Electric Ultra Sauna Heater - Medium (7.5KW),https://inhousewellness.com/products/scandia-electric-heater-7kw
"kW published, no voltage",huum-haljas-11kw-sauna-heater-package,11 kW,,default,Huum HEATERPKG-HALJAS 11 kW Sauna Heater Package,https://inhousewellness.com/products/huum-haljas-11kw-sauna-heater-package
nothing published — block says ask us,cal-flame-outdoor-entertainment-center,none,,default,Cal Flame ODC-2 Crystal Outdoor Entertainment Center – Outdoor Entertainment Redefined,https://inhousewellness.com/products/cal-flame-outdoor-entertainment-center
nothing published — block says ask us,ice-bath-flex,none,,default,The Dreampod Ice Series: Ice Bath Flex,https://inhousewellness.com/products/ice-bath-flex
nothing published — block says ask us,stealth-black-mode,none,,default,Stealth (Black) Mode,https://inhousewellness.com/products/stealth-black-mode
nothing published — block says ask us,ct-georgian-cabin-sauna,none,,Bundle,CT Georgian Cabin Sauna – Outdoor 4-Person Sauna with Modern Heating & Luxury Design,https://inhousewellness.com/products/ct-georgian-cabin-sauna
nothing published — block says ask us,ripavi-sointu-traditional-outdoor,none,,default,Ripavi Sointu Finnish Outdoor Sauna – Luxury 8-Person Sauna with Shower & Skylight,https://inhousewellness.com/products/ripavi-sointu-traditional-outdoor
nothing published — block says ask us,maxxus-alpine,none,,default,"Maxxus ""Alpine"" Dual Tech 3 person Low EMF FAR Infrared Sauna Canadian Hemlock",https://inhousewellness.com/products/maxxus-alpine
nothing published — block says ask us,maxxus-mx-k206-01-zf,none,,default,Maxxus FAR Infrared Sauna Hemlock Wood,https://inhousewellness.com/products/maxxus-mx-k206-01-zf
nothing published — block says ask us,leisurecraft-ct-minipod-sauna-fits-3-4-people,none,,Bundle,LeisureCraft CT MiniPOD Outdoor Sauna – 3-4 Person Cabin Sauna with Premium Cedar,https://inhousewellness.com/products/leisurecraft-ct-minipod-sauna-fits-3-4-people
nothing published — block says ask us,natural-sauna-rocks-25lbs,none,,default,Natural Sauna Rocks,https://inhousewellness.com/products/natural-sauna-rocks-25lbs
nothing published — block says ask us,ultimate-fire-pit-table-electronic-ignition,none,,default,"Cal Flame Stucco and Tile Dining Height Rectangle Fire Pit – Porcelain Tile Top, Ameristone Stucco Base for Durable Outdoor Entertaining (FPT-RT501M)",https://inhousewellness.com/products/ultimate-fire-pit-table-electronic-ignition
nothing published — block says ask us,cal-flame-outdoor-fireplace-frp-908-2,none,,default,Cal Flame Outdoor Fireplace – Elegant Porcelain Tile Top and Ameristone Stucco Base for Durable Outdoor Entertainment,https://inhousewellness.com/products/cal-flame-outdoor-fireplace-frp-908-2
nothing published — block says ask us,cal-flame-72-inch-outdoor-fireplace-frp-909-3,none,,default,Cal Flame Outdoor Fireplace – Elegant Porcelain Tile Top and Ameristone Stucco Base for Durable Outdoor Entertainment,https://inhousewellness.com/products/cal-flame-72-inch-outdoor-fireplace-frp-909-3
nothing published — block says ask us,cal-flame-outdoor-fireplace-frp-906-2,none,,default,Cal Flame FRP906-2 BBQ Island – Full-Size Outdoor Kitchen,https://inhousewellness.com/products/cal-flame-outdoor-fireplace-frp-906-2
nothing published — block says ask us,cal-flame-72-inch-outdoor-fireplace-frp-906-3,none,,default,Cal Flame 72-Inch Outdoor Fireplace – Large Fire Pit with Robust Construction and Perfect Heat Distribution for Spacious Patios,https://inhousewellness.com/products/cal-flame-72-inch-outdoor-fireplace-frp-906-3
nothing published — block says ask us,cal-flame-78-inch-outdoor-fireplace-frp-908-3,none,,default,Cal Flame Oversized Fireplace for Luxurious Outdoor Gatherings and Exceptional Heat Output,https://inhousewellness.com/products/cal-flame-78-inch-outdoor-fireplace-frp-908-3
nothing published — block says ask us,cal-flame-outdoor-fireplace-frp-909-1,none,,default,Cal Flame Outdoor Fireplace – Premium Fire Pit for Outdoor Living,https://inhousewellness.com/products/cal-flame-outdoor-fireplace-frp-909-1
nothing published — block says ask us,dundalk-leisurecraft-cold-plunge,none,,Bundle,Dundalk LeisureCraft The Polar Cold Plunge Tub,https://inhousewellness.com/products/dundalk-leisurecraft-cold-plunge
nothing published — block says ask us,pre-cut-hand-finished-sauna-kit-1-3-person,none,,default,Scandia Electric DIY PreCut Sauna Room Kit PRECUT-DIY-3X4-ULTRA,https://inhousewellness.com/products/pre-cut-hand-finished-sauna-kit-1-3-person
nothing published — block says ask us,hand-finished-precut-sauna-kit,none,,default,Scandia Electric DIY PreCut Sauna Room Kit PRECUT-DIY-4X7-ULTRA,https://inhousewellness.com/products/hand-finished-precut-sauna-kit
nothing published — block says ask us,hand-finished-sauna-kit-8-plus-people,none,,default,Scandia Electric DIY PreCut Sauna Room Kit PRECUT-DIY-8X9-ULTRA,https://inhousewellness.com/products/hand-finished-sauna-kit-8-plus-people
nothing published — block says ask us,medical-frozen-6-cold-plunge-xl,none,,default,Medical Frozen 6 Cold Plunge | XL Size with Essential Oil Infuser & Steam Generator,https://inhousewellness.com/products/medical-frozen-6-cold-plunge-xl
nothing published — block says ask us,primo-kamado-round-ceramic-grill-head,none,,default,Primo Kamado Round Ceramic Grill Head,https://inhousewellness.com/products/primo-kamado-round-ceramic-grill-head
nothing published — block says ask us,round-all-in-one-grill-cradle,none,,default,Round All‑In‑One Grill Cradle,https://inhousewellness.com/products/round-all-in-one-grill-cradle
nothing published — block says ask us,cart-368-jack-daniel-s-edition-island-top,none,,default,Cart 368 Jack Daniel’s Edition Island Top,https://inhousewellness.com/products/cart-368-jack-daniel-s-edition-island-top
nothing published — block says ask us,mw12-thermowood-r-outdoor-sauna-2-3-person,none,,default,MW12 ThermoWood® Outdoor Sauna – 2–3 Person,https://inhousewellness.com/products/mw12-thermowood-r-outdoor-sauna-2-3-person
nothing published — block says ask us,mw16-thermowood,none,,default,MW16 ThermoWood® Outdoor Sauna – Spacious 4-Person Retreat,https://inhousewellness.com/products/mw16-thermowood
nothing published — block says ask us,mw20-thermowood,none,,default,MW20 ThermoWood® Outdoor Sauna – Spacious Luxury for 5–6 People,https://inhousewellness.com/products/mw20-thermowood
nothing published — block says ask us,sauna-session-planner,none,,default,Sauna Session Planner,https://inhousewellness.com/products/sauna-session-planner
nothing published — block says ask us,saunalife-s2b-coldplunge,none,,Bundle,SaunaLife Model S2B – 2‑Person Hot & Cold Immersion Tub (Black Thermo‑Pine),https://inhousewellness.com/products/saunalife-s2b-coldplunge
nothing published — block says ask us,saunalife-s2n-coldplunge,none,,Bundle,"SaunaLife Model S2N – 2‑Person Hot & Cold Immersion Tub, Natural Thermo‑Pine Finish",https://inhousewellness.com/products/saunalife-s2n-coldplunge
nothing published — block says ask us,saunalife-g6,none,,Bundle,SaunaLife Model G6 Pre-Assembled Outdoor Home Sauna – 5 Person,https://inhousewellness.com/products/saunalife-g6
nothing published — block says ask us,saunalife-g11,none,,Bundle,SaunaLife Model G11 Garden-Series Outdoor Home Sauna – 2-Room Layout for Up to 8 People,https://inhousewellness.com/products/saunalife-g11
nothing published — block says ask us,saunalife-cl7g,none,,Bundle,SaunaLife Model CL7G Cube-Series Outdoor Home Sauna Kit – Up to 6 People,https://inhousewellness.com/products/saunalife-cl7g
nothing published — block says ask us,saunalife-ee8g,none,,Bundle,"SaunaLife Ergo Elegance Series | Glass Front | 79""L x 91""D | 6-Person Outdoor Sauna",https://inhousewellness.com/products/saunalife-ee8g
nothing published — block says ask us,saunalife-g3,none,,wider-images,SaunaLife Model G3 Outdoor Home Sauna Kit,https://inhousewellness.com/products/saunalife-g3
nothing published — block says ask us,saunalife-cl4g,none,,Bundle,"SaunaLife Model CL4G Outdoor Home Sauna Kit — Cube Series, Up to 3 Persons",https://inhousewellness.com/products/saunalife-cl4g
nothing published — block says ask us,delta-steamscape-15kw,none,,default,Delta SteamScape™ 15kW Steam Generator,https://inhousewellness.com/products/delta-steamscape-15kw
nothing published — block says ask us,delta-steamscape-12kw,none,,default,Delta SteamScape™ 12kW Steam Generator,https://inhousewellness.com/products/delta-steamscape-12kw
nothing published — block says ask us,mr-steam-cx30kw,none,,default,"Mr. Steam CX Steam Generator Package – 30kW to 120kW, Commercial-Grade",https://inhousewellness.com/products/mr-steam-cx30kw
nothing published — block says ask us,cozy-fire-iron-firepit,none,,default,Cozy Heat COZY FIRE Iron Wood Fire Pit 30-Inch,https://inhousewellness.com/products/cozy-fire-iron-firepit
